date,IEF,LQD,XLE,VNQ,DBC,GLD,UUP,QQQ,IWM,EFA,TLT,XLK,XLF,USO,MTUM,SPY,EEM,HYG
2008-01-04,0.0369775159661065,0.06783288711431272,0.0938642980416811,0.30774863661389795,0.30663609957429966,0.07824289182057781,0.10869767086912437,0.0,0.0,0.0,0.0,0.0,0.0,0.0,0.0,0.0,0.0,0.0
2008-01-11,0.034338232122354595,0.046629288287626115,0.10288330642559342,0.3358758018898588,0.3386499293084629,0.03127636505267607,0.11034707691342803,0.0,0.0,0.0,0.0,0.0,0.0,0.0,0.0,0.0,0.0,0.0
2008-01-18,0.02586109921427297,0.025459901456979288,0.07779036245526612,0.360129726426846,0.3354862158221126,0.07316089754391791,0.10211179708060507,0.0,0.0,0.0,0.0,0.0,0.0,0.0,0.0,0.0,0.0,0.0
2008-01-25,0.0,0.029713257678106182,0.10599677207445447,0.34296524150750585,0.30659305348680227,0.08607900425792735,0.10117910027544443,0.027473570719759404,0.0,0.0,0.0,0.0,0.0,0.0,0.0,0.0,0.0,0.0
2008-02-01,0.0,0.06576032447276954,0.165978605894067,0.3689615545372575,0.2077179234957733,0.07600312542118315,0.11557846617894944,0.0,0.0,0.0,0.0,0.0,0.0,0.0,0.0,0.0,0.0,0.0
2008-02-08,0.020997939044954856,0.023422346231513784,0.12358549500271873,0.3166747798497189,0.3410942507360078,0.0780873795688826,0.09613780956620327,0.0,0.0,0.0,0.0,0.0,0.0,0.0,0.0,0.0,0.0,0.0
2008-02-15,0.0,0.03844515513792261,0.16467562368591102,0.24518813360735447,0.3362044704215225,0.09132002658929599,0.08882327422284006,0.03534331633515336,0.0,0.0,0.0,0.0,0.0,0.0,0.0,0.0,0.0,0.0
2008-02-22,0.0,0.030318801238868508,0.15980524588605632,0.22925233729873531,0.33738073178783035,0.08874223551686118,0.07451426056113973,0.05094555986542422,0.029040827845084327,0.0,0.0,0.0,0.0,0.0,0.0,0.0,0.0,0.0
2008-02-29,0.0,0.020579480972144758,0.13883690935711915,0.22019232825867321,0.38792844585630126,0.09030199538726713,0.07308944860340064,0.04453607773228498,0.024535313832808842,0.0,0.0,0.0,0.0,0.0,0.0,0.0,0.0,0.0
2008-03-07,0.0,0.028958798552542346,0.14337691559684757,0.23223838821507925,0.40515882750048726,0.10577636712845215,0.08449070300659135,0.0,0.0,0.0,0.0,0.0,0.0,0.0,0.0,0.0,0.0,0.0
2008-03-14,0.03267100562751624,0.042020616060533346,0.1665896712055011,0.08737604930447174,0.4000000000000001,0.07319967384394889,0.10000709530408988,0.0,0.0,0.02155176716581103,0.03041477041402776,0.04616935107410004,0.0,0.0,0.0,0.0,0.0,0.0
2008-03-21,0.051813436225994686,0.03682900496261889,0.20629687478748096,0.0,0.4000000000000001,0.07120256849200696,0.1371679877535226,0.05347888686334374,0.0,0.0,0.0,0.043211240915032194,0.0,0.0,0.0,0.0,0.0,0.0
2008-03-28,0.047624742820080335,0.04368925611707718,0.1659275537841795,0.0,0.39999999999999997,0.0956526119181635,0.15931988807376884,0.0,0.0,0.0,0.0,0.08778594728673063,0.0,0.0,0.0,0.0,0.0,0.0
2008-04-04,0.08293943643285177,0.06365889229866943,0.0790874334756055,0.0,0.4,0.17547197833610728,0.14131277746905885,0.0,0.0,0.0,0.0,0.05752948198770715,0.0,0.0,0.0,0.0,0.0,0.0
2008-04-11,0.08488232093387357,0.0,0.12203849714280995,0.0,0.4,0.16228460875645206,0.16032857393840202,0.07046599922846244,0.0,0.0,0.0,0.0,0.0,0.0,0.0,0.0,0.0,0.0
2008-04-18,0.08042328430039818,0.047797229504916584,0.18839117459688498,0.0,0.4,0.0,0.1437826239338072,0.08873600008340116,0.0,0.050869687580591835,0.0,0.0,0.0,0.0,0.0,0.0,0.0,0.0
2008-04-25,0.06653858801425497,0.06698778352927004,0.1818398888263548,0.0,0.4,0.0,0.14287859419016882,0.14175514543995127,0.0,0.0,0.0,0.0,0.0,0.0,0.0,0.0,0.0,0.0
2008-05-02,0.0808655375835353,0.023275454617391757,0.10749113472532741,0.0,0.39999999999999997,0.0,0.14377784154324044,0.14513392717626733,0.0,0.052229090306802055,0.0,0.04722701404743579,0.0,0.0,0.0,0.0,0.0,0.0
2008-05-09,0.06816381888959476,0.030753372284158396,0.0,0.0,0.4,0.0,0.14207748033138032,0.19450889861796763,0.0,0.09098987084979866,0.0,0.07350655902710015,0.0,0.0,0.0,0.0,0.0,0.0
2008-05-16,0.08150521721726375,0.0,0.0953485325513773,0.0,0.31655508207795013,0.07979045467152918,0.12130315910476432,0.07632746805792993,0.0,0.09600404473197098,0.0,0.1331660415872145,0.0,0.0,0.0,0.0,0.0,0.0
2008-05-23,0.06409302761872177,0.0,0.10728899410451989,0.0,0.27261195515267056,0.13817615347251774,0.09256729354377553,0.0,0.0,0.05194636837016146,0.0,0.181926030896377,0.09139017684125599,0.0,0.0,0.0,0.0,0.0
2008-05-30,0.07056930485416649,0.0,0.18955364724657905,0.0,0.4,0.09080217601388732,0.0708947784934078,0.0,0.0,0.0,0.0,0.1781800933919594,0.0,0.0,0.0,0.0,0.0,0.0
2008-06-06,0.05905025950219355,0.0,0.25753159997268116,0.0,0.39999999999999997,0.2415042350818637,0.0,0.0,0.0,0.0,0.0,0.04191390544326155,0.0,0.0,0.0,0.0,0.0,0.0
2008-06-13,0.08132649830624046,0.0502291855704845,0.23352776631115338,0.0,0.4000000000000001,0.10007283566147591,0.0640947791269355,0.0,0.0,0.0,0.0707489350237101,0.0,0.0,0.0,0.0,0.0,0.0,0.0
2008-06-20,0.12086310784122688,0.0,0.31788304568346726,0.0,0.39999999999999997,0.0,0.0,0.0,0.0,0.0,0.16125384647530575,0.0,0.0,0.0,0.0,0.0,0.0,0.0
2008-06-27,0.13108499455172634,0.0,0.14009623604411178,0.11337803811457313,0.4000000000000001,0.1382417932098247,0.04202200934800489,0.0,0.0,0.0,0.035176928731759115,0.0,0.0,0.0,0.0,0.0,0.0,0.0
2008-07-04,0.21912879343034808,0.0,0.23788468543092475,0.0,0.4000000000000001,0.14298652113872723,0.0,0.0,0.0,0.0,0.0,0.0,0.0,0.0,0.0,0.0,0.0,0.0
2008-07-11,0.25178992248469784,0.0,0.3482100775153021,0.0,0.4000000000000001,0.0,0.0,0.0,0.0,0.0,0.0,0.0,0.0,0.0,0.0,0.0,0.0,0.0
2008-07-18,0.14766538655855174,0.041067299249011,0.13409998395572195,0.0,0.4,0.13422925244546474,0.0,0.0,0.0,0.0,0.1429380777912505,0.0,0.0,0.0,0.0,0.0,0.0,0.0
2008-07-25,0.1271539721150152,0.09604170291842734,0.0,0.0,0.38381709877684667,0.15566650551855038,0.0,0.0,0.0,0.0,0.23732072067116045,0.0,0.0,0.0,0.0,0.0,0.0,0.0
2008-08-01,0.1327477228988304,0.08552710715639952,0.0,0.0,0.27477219219507293,0.2697168861388888,0.0,0.0,0.0,0.0,0.23723609161080841,0.0,0.0,0.0,0.0,0.0,0.0,0.0
2008-08-08,0.10592510580837744,0.11277659682827876,0.0,0.0,0.4,0.18003342435779426,0.0,0.0,0.0,0.0,0.20126487300554957,0.0,0.0,0.0,0.0,0.0,0.0,0.0
2008-08-15,0.10049952678616221,0.11709137703194386,0.14798506616833423,0.0,0.4,0.13361265481926654,0.0,0.0,0.0,0.0,0.1008113751942932,0.0,0.0,0.0,0.0,0.0,0.0,0.0
2008-08-22,0.25354196904075454,0.18571211308727517,0.2725586420122666,0.0,0.0,0.0,0.0,0.0,0.0,0.0,0.2881872758597036,0.0,0.0,0.0,0.0,0.0,0.0,0.0
2008-08-29,0.1220489305308933,0.09458074717441313,0.14035919648668124,0.0,0.0,0.0867633188719144,0.0,0.0,0.0,0.0,0.15624780693609797,0.0,0.0,0.4000000000000001,0.0,0.0,0.0,0.0
2008-09-05,0.25751404752307805,0.369441082295613,0.0,0.0,0.0,0.0,0.0,0.0,0.0,0.0,0.373044870181309,0.0,0.0,0.0,0.0,0.0,0.0,0.0
2008-09-12,0.06865426543629062,0.05888064038431908,0.0,0.0,0.3529846355914919,0.0,0.0,0.0,0.0,0.0,0.11948045858789835,0.0,0.0,0.4,0.0,0.0,0.0,0.0
2008-09-19,0.07152287172373749,0.09225576026714831,0.13038411493039762,0.08561136989344002,0.3326325370474508,0.04552600376750134,0.0,0.0,0.0,0.0,0.24206734237032446,0.0,0.0,0.0,0.0,0.0,0.0,0.0
2008-09-26,0.05513823624100926,0.06982577530937888,0.108988683245525,0.03148243445692714,0.1829798479228816,0.0,0.0,0.0,0.0,0.0,0.15960019895230285,0.0,0.0,0.3919848238719752,0.0,0.0,0.0,0.0
2008-10-03,0.06606332674893728,0.09273776227050853,0.10590207460936718,0.0,0.15824931889860183,0.0,0.0,0.0,0.0,0.0,0.17704751747258515,0.0,0.0,0.4,0.0,0.0,0.0,0.0
2008-10-10,0.06739855753753597,0.06498805442621952,0.0,0.07321636149542345,0.27510355883780563,0.0,0.0,0.0,0.0,0.0,0.23105527365658887,0.0,0.0,0.2882381940464265,0.0,0.0,0.0,0.0
2008-10-17,0.04446894168327968,0.0776342135350409,0.05560242395307194,0.14389166879256562,0.16376037231074259,0.0,0.0,0.0,0.0,0.0,0.1795849445406323,0.0,0.0,0.335057435184667,0.0,0.0,0.0,0.0
2008-10-24,0.04031227561520065,0.08549425179638495,0.10076612440935995,0.1659393146480257,0.0,0.04407638479141549,0.0,0.0,0.0,0.0,0.16341164873961328,0.0,0.0,0.3999999999999999,0.0,0.0,0.0,0.0
2008-10-31,0.024149286806850138,0.03773524165538403,0.05420968103931579,0.11578416969094567,0.25568667634685366,0.0,0.04358245233307533,0.0,0.0,0.0,0.06885249212757542,0.0,0.0,0.4000000000000001,0.0,0.0,0.0,0.0
2008-11-07,0.030577614586268204,0.02460012633444919,0.04868621540591692,0.10398481897903941,0.318676187095544,0.0,0.03090076665426959,0.0,0.0,0.0,0.042574270944512646,0.0,0.0,0.4,0.0,0.0,0.0,0.0
2008-11-14,0.04040960978716973,0.034274418522962806,0.04553145231301625,0.06820429668450902,0.2607772243648434,0.042561208274353876,0.0,0.0,0.0,0.0,0.10824179005314485,0.0,0.0,0.4,0.0,0.0,0.0,0.0
2008-11-21,0.029462023201703137,0.02700259380504492,0.0,0.06531429534305885,0.3538402437861258,0.0,0.03913295491623487,0.0,0.0,0.0,0.08524788894783246,0.0,0.0,0.4,0.0,0.0,0.0,0.0
2008-11-28,0.049431416565109514,0.07382854617640626,0.04186696807860124,0.11684660404062319,0.0,0.04878184463823419,0.12971965795668536,0.0,0.0,0.0,0.13952496254434021,0.0,0.0,0.4,0.0,0.0,0.0,0.0
2008-12-05,0.048497998583939744,0.05936604429915401,0.0,0.17498292492880765,0.0,0.05520177634049258,0.11573153383278559,0.0,0.0,0.0,0.14621972201482036,0.0,0.0,0.3999999999999999,0.0,0.0,0.0,0.0
2008-12-12,0.03655544796235543,0.038411630203754016,0.043451947311764015,0.18496503149296728,0.0,0.05484761709784145,0.07982638376155461,0.0,0.0,0.0,0.12526847650826461,0.0,0.0,0.39999999999999997,0.03667346566149847,0.0,0.0,0.0
2008-12-19,0.04502225202354856,0.04955394690260706,0.05881612134196758,0.16876458671797237,0.0,0.0,0.0648598522635173,0.0,0.0,0.0,0.17171013595612225,0.0,0.0,0.4,0.04127310479426482,0.0,0.0,0.0
2008-12-26,0.045009174254498754,0.057769741655450665,0.09329180278858361,0.14349451292013968,0.0,0.0,0.0,0.0,0.0,0.0,0.2184740416705384,0.0,0.0,0.4000000000000001,0.04196072671078885,0.0,0.0,0.0
2009-01-02,0.04655853333095816,0.08357451535264085,0.12990330574727077,0.26461089857963543,0.0,0.1184719898249218,0.0784316314818781,0.0,0.0,0.0,0.27844912568269486,0.0,0.0,0.0,0.0,0.0,0.0,0.0
2009-01-09,0.09693043362118328,0.029683812960781018,0.0,0.0,0.0,0.16962957918830407,0.0,0.0,0.0,0.0,0.30375617422973167,0.0,0.0,0.4,0.0,0.0,0.0,0.0
2009-01-16,0.13007462697657654,0.08851840685998151,0.0,0.0,0.0,0.4,0.0,0.0,0.0,0.0,0.27973825923301404,0.0,0.0,0.0,0.0,0.10166870693042801,0.0,0.0
2009-01-23,0.05889167314233454,0.0690877309185923,0.2977286746125078,0.22069362888689595,0.0,0.2353309661735408,0.11826732626612871,0.0,0.0,0.0,0.0,0.0,0.0,0.0,0.0,0.0,0.0,0.0
2009-01-30,0.05092039801308891,0.044015964733950835,0.21539465983981967,0.11925752831369531,0.0,0.0,0.0692580805326433,0.08436476014073574,0.0,0.0,0.06105450495921612,0.20594325678176104,0.0,0.0,0.0,0.14979084668508902,0.0,0.0
2009-02-06,0.0,0.0,0.13666785783355576,0.31967595463321646,0.0,0.0,0.044335976854501066,0.060884500559093946,0.0,0.0,0.0,0.048183086226601765,0.0,0.31062623348831625,0.0,0.07962639040471495,0.0,0.0
2009-02-13,0.0,0.0,0.23742363461723476,0.06924701908376835,0.0,0.0,0.09257467976367581,0.0807487189263273,0.0,0.0,0.0,0.0,0.0,0.37241718911576727,0.0,0.07863173128264472,0.0,0.0
2009-02-20,0.05743065874466111,0.049065993124395614,0.4,0.13272198664837792,0.0,0.0,0.12849277074982612,0.0,0.0,0.0,0.06973894514215397,0.1625496455905853,0.0,0.0,0.0,0.0,0.0,0.0
2009-02-27,0.058540200345582334,0.20966361124343583,0.4000000000000001,0.0,0.0,0.0,0.33179618841098174,0.0,0.0,0.0,0.0,0.0,0.0,0.0,0.0,0.0,0.0,0.0
2009-03-06,0.05647154831994137,0.15629352336810753,0.4000000000000001,0.0,0.0,0.0,0.38723492831195105,0.0,0.0,0.0,0.0,0.0,0.0,0.0,0.0,0.0,0.0,0.0
2009-03-13,0.02309836706716602,0.06786917763390826,0.05643031821131886,0.11043813041933855,0.39999999999999997,0.0,0.12164584443910745,0.0,0.08017250118519391,0.07619354925163795,0.0,0.0,0.0,0.0,0.0,0.06415211179232908,0.0,0.0
2009-03-20,0.050656869600867016,0.07141699033186409,0.04377856165354135,0.113223160572728,0.4,0.0,0.1205054200069181,0.0,0.06036280078913585,0.08234169362361604,0.0,0.0,0.0,0.0,0.0,0.05771450342132952,0.0,0.0
2009-03-27,0.03407127099735823,0.05010834312936572,0.0,0.09429211873133747,0.2726906617840154,0.0,0.08857397928106435,0.0,0.0,0.049223794038335614,0.0,0.10014848899317283,0.0,0.279899807522815,0.0,0.03099153552253535,0.0,0.0
2009-04-03,0.024561976355510672,0.06502919735389222,0.0,0.14002934397939976,0.3763422848581567,0.07731364214602743,0.10388804446656225,0.0,0.0,0.0742658363319722,0.0,0.13856967450847882,0.0,0.0,0.0,0.0,0.0,0.0
2009-04-10,0.021193324440129387,0.050606882934790175,0.0,0.11777121960714106,0.2565970766863766,0.0,0.08723707774970964,0.0,0.0,0.031238930893486627,0.0,0.03535548768836658,0.0,0.3999999999999999,0.0,0.0,0.0,0.0
2009-04-17,0.032831755101973684,0.09172628197536704,0.0,0.056905177351151304,0.3109431402799318,0.0,0.10575470220427077,0.0,0.0,0.03920709728915879,0.0,0.0,0.0,0.36263184579814667,0.0,0.0,0.0,0.0
2009-04-24,0.03912008848111734,0.12651084478454563,0.09008287558631842,0.1832864320243895,0.37727118565593126,0.0,0.13107418373230464,0.0,0.0,0.0,0.0,0.05265438973539317,0.0,0.0,0.0,0.0,0.0,0.0
2009-05-01,0.021712088765902658,0.07416100532718767,0.08122456521242795,0.09194665600168259,0.2018393134274459,0.1118243745447736,0.0688428640254234,0.0,0.050719366518780215,0.0,0.0,0.0,0.0,0.2977297661763758,0.0,0.0,0.0,0.0
2009-05-08,0.035501152942022975,0.09741167154460292,0.08197544599847152,0.0,0.2570338265029987,0.100967556297774,0.09904077858372441,0.0,0.05586773870207245,0.0,0.0,0.0,0.0,0.272201829428333,0.0,0.0,0.0,0.0
2009-05-15,0.030502768148356063,0.08921582632328211,0.08601673342020319,0.0,0.26440767375069796,0.08207211608549027,0.1252615632578371,0.0,0.0,0.0,0.032764488886915306,0.04294798168190252,0.0,0.24681084844531542,0.0,0.0,0.0,0.0
2009-05-22,0.0317261266944156,0.13236960354375465,0.16479087888880856,0.0,0.20909642383089144,0.11050232655013202,0.28650324700251434,0.0,0.0,0.0,0.06501139348948347,0.0,0.0,0.0,0.0,0.0,0.0,0.0
2009-05-29,0.04941056531013748,0.17229960070743197,0.15170861397123717,0.0,0.0,0.11222531122536125,0.3723182828220327,0.0,0.0,0.0,0.14203762596379937,0.0,0.0,0.0,0.0,0.0,0.0,0.0
2009-06-05,0.03713365222784436,0.19744766450665402,0.1473345415413643,0.061483490902952825,0.0,0.11185249712967318,0.36815903692185603,0.0,0.0,0.0,0.07658911676965525,0.0,0.0,0.0,0.0,0.0,0.0,0.0
2009-06-12,0.021213330237976318,0.1213969881622631,0.09872456046609455,0.054179804212883875,0.3125753385667359,0.05367024928076221,0.2697575163533739,0.0,0.0,0.0,0.06848221271991019,0.0,0.0,0.0,0.0,0.0,0.0,0.0
2009-06-19,0.0,0.07992421717936553,0.10142603265203615,0.06285550348031142,0.2985867319723879,0.06846583478540376,0.23274713168177646,0.035910858682172926,0.0,0.0,0.09862183190091262,0.02146185766563326,0.0,0.0,0.0,0.0,0.0,0.0
2009-06-26,0.028843398484798076,0.05872123908244851,0.0,0.11017722860911382,0.24509571101440703,0.07013859795268916,0.15506431263701853,0.0,0.0,0.0,0.11365702081152201,0.0,0.0,0.21830249140800284,0.0,0.0,0.0,0.0
2009-07-03,0.02439494083372774,0.04510774798140287,0.09094618741131717,0.09709079637826305,0.30522199507078485,0.04049828530721278,0.12544425749390314,0.03705441045523476,0.0,0.0,0.06939136319009438,0.0,0.0,0.16485001587805936,0.0,0.0,0.0,0.0
2009-07-10,0.023164091304601047,0.03561952545568625,0.071380226822021,0.1063883760833092,0.3087026759979323,0.02891757571192385,0.12534172546713054,0.0,0.0,0.0,0.08985074248767809,0.0,0.0,0.21063506066971774,0.0,0.0,0.0,0.0
2009-07-17,0.033732662188139716,0.0503607315746696,0.10542791443674625,0.19262972695800096,0.3534987038574563,0.0,0.14263103272803704,0.02329026670738081,0.0,0.0,0.09842896154956941,0.0,0.0,0.0,0.0,0.0,0.0,0.0
2009-07-24,0.06627679732340437,0.05131016444479215,0.0,0.07285969034349135,0.4,0.19345337881027527,0.0848720635532103,0.0,0.0,0.0,0.1312279055248266,0.0,0.0,0.0,0.0,0.0,0.0,0.0
2009-07-31,0.08312270154615155,0.047903310167823177,0.0,0.14020479427518595,0.4,0.08510747575508443,0.054819326787499116,0.05002151281796104,0.0,0.0,0.13882087865029474,0.0,0.0,0.0,0.0,0.0,0.0,0.0
2009-08-07,0.08196269372088187,0.04860857995814787,0.0,0.05745590486928427,0.36177144348967544,0.14192971845350114,0.09756892101271769,0.0,0.0,0.0,0.21070273849579163,0.0,0.0,0.0,0.0,0.0,0.0,0.0
2009-08-14,0.11317203145390013,0.058277447229921814,0.0,0.0,0.3634720543436923,0.1624909240387298,0.12052293232970497,0.0,0.0,0.0,0.18206461060405094,0.0,0.0,0.0,0.0,0.0,0.0,0.0
2009-08-21,0.07823862886755188,0.07935276205126625,0.0,0.11267716257494506,0.3999999999999999,0.11173863499293096,0.0,0.0,0.0,0.0,0.2179928115133058,0.0,0.0,0.0,0.0,0.0,0.0,0.0
2009-08-28,0.06974256881306236,0.08392080035320193,0.0,0.047797403395158464,0.38282310937590375,0.1481188726222808,0.13161302133674452,0.0,0.0,0.0,0.13598422410364822,0.0,0.0,0.0,0.0,0.0,0.0,0.0
2009-09-04,0.06479086609204339,0.08718877204855359,0.0,0.0,0.23223262386030893,0.08625783779228677,0.06731697143705256,0.0,0.0,0.0,0.12245226297486805,0.0,0.0,0.3397606657948866,0.0,0.0,0.0,0.0
2009-09-11,0.04999123283806943,0.06748722376749638,0.0,0.0,0.28203969071128066,0.032986319003984764,0.06571865727424696,0.0,0.0,0.0,0.10177687640492178,0.0,0.0,0.39999999999999997,0.0,0.0,0.0,0.0
2009-09-18,0.0321053832685306,0.09123035421129744,0.0,0.0,0.3779579092980644,0.045722198577741506,0.0,0.0,0.0,0.0,0.05298415464436602,0.0,0.0,0.4,0.0,0.0,0.0,0.0
2009-09-25,0.03571896796070082,0.09585952478055548,0.0,0.0,0.37127663549943757,0.03329402916250232,0.0,0.0,0.0,0.0,0.06385084259680382,0.0,0.0,0.4,0.0,0.0,0.0,0.0
2009-10-02,0.031839369989917994,0.07627717436799215,0.0,0.0,0.4000000000000001,0.04988910766638371,0.0,0.0,0.0,0.0,0.04199434797570608,0.0,0.0,0.4000000000000001,0.0,0.0,0.0,0.0
2009-10-09,0.030108312372401965,0.1236619914286,0.0,0.0,0.3963779254788322,0.09459246802871576,0.12397724559864315,0.08864449997252921,0.0,0.06172603814072017,0.08091151897955748,0.0,0.0,0.0,0.0,0.0,0.0,0.0
2009-10-16,0.02192745362747632,0.10110727142820407,0.0,0.0,0.3227302542107625,0.032873441009201074,0.0978801510015793,0.054905242078208134,0.0,0.0319919055294658,0.0,0.0,0.0,0.3365842811151027,0.0,0.0,0.0,0.0
2009-10-23,0.0717312355718073,0.18142869713392804,0.0,0.0,0.4000000000000001,0.0,0.22227656149150019,0.0,0.0,0.12456350580276443,0.0,0.0,0.0,0.0,0.0,0.0,0.0,0.0
2009-10-30,0.037470188094758716,0.09028843512541777,0.0,0.0,0.33308986426006915,0.06115677944155841,0.11431610213133729,0.0,0.0,0.039625640773782424,0.0,0.0,0.0,0.32405299017307637,0.0,0.0,0.0,0.0
2009-11-06,0.09320644861707958,0.18443533984556565,0.0,0.0,0.4,0.1684376214040631,0.0,0.0,0.0,0.0,0.15392059013329173,0.0,0.0,0.0,0.0,0.0,0.0,0.0
2009-11-13,0.036081457777105655,0.1538038019943819,0.0,0.0,0.35300250567879127,0.11624697586316152,0.18379554181199478,0.0,0.0,0.0,0.15706971687456497,0.0,0.0,0.0,0.0,0.0,0.0,0.0
2009-11-20,0.049689745572510644,0.25019028003573324,0.0,0.0,0.3999999999999999,0.0941400997377137,0.05018552471226708,0.0,0.0,0.0,0.1557943499417754,0.0,0.0,0.0,0.0,0.0,0.0,0.0
2009-11-27,0.02857370041946623,0.10862036287598079,0.0,0.0,0.24879699629852423,0.08825163210793943,0.03217322473654543,0.0,0.0,0.0,0.061625228195575144,0.03407153469840733,0.0,0.3978873206675614,0.0,0.0,0.0,0.0
2009-12-04,0.0,0.09801614683779661,0.0,0.0,0.35252006629349736,0.10411453718978946,0.03911599021108825,0.0,0.0,0.0,0.05731806774769335,0.0,0.0,0.348915191720135,0.0,0.0,0.0,0.0
2009-12-11,0.042974340136587595,0.1617348913707527,0.0,0.0,0.4,0.19006626638929935,0.0682477881828116,0.0,0.0,0.0,0.1369767139205487,0.0,0.0,0.0,0.0,0.0,0.0,0.0
2009-12-18,0.03277180840429396,0.12178162192889647,0.0,0.0,0.4000000000000001,0.18455267345310158,0.13099692764895282,0.0,0.0,0.0,0.1298969685647551,0.0,0.0,0.0,0.0,0.0,0.0,0.0
2009-12-25,0.02759880977692468,0.15771971803009233,0.0,0.0,0.4,0.11273565449041671,0.1853438289972808,0.0,0.0,0.0,0.11660198870528553,0.0,0.0,0.0,0.0,0.0,0.0,0.0
2010-01-01,0.04254571447261225,0.1505598578000144,0.0,0.0,0.3126056158998614,0.13531498360518532,0.19414320932918197,0.0,0.0,0.0,0.16483061889314468,0.0,0.0,0.0,0.0,0.0,0.0,0.0
2010-01-08,0.05234198395502278,0.14913166826384813,0.0,0.0,0.28342699681429157,0.15849590464730187,0.20072395587759892,0.0,0.0,0.0,0.10799813250723217,0.047881357934704494,0.0,0.0,0.0,0.0,0.0,0.0
2010-01-15,0.05038500824337501,0.2124144853855874,0.0,0.0,0.2632570183258208,0.10033380684865872,0.13175402753200352,0.0,0.0,0.04734769287913276,0.12246051646917286,0.07204744431624897,0.0,0.0,0.0,0.0,0.0,0.0
2010-01-22,0.0612277693673827,0.19307782718915864,0.0,0.0,0.2584888016623496,0.11203212731252175,0.11873300086261054,0.0,0.0,0.03846572907871177,0.13329533117173675,0.08467941335552813,0.0,0.0,0.0,0.0,0.0,0.0
2010-01-29,0.09388765548751853,0.236481708093361,0.0,0.0,0.0,0.11454782605735812,0.24773825430012042,0.0,0.0,0.0,0.20035004756521863,0.10699450849642328,0.0,0.0,0.0,0.0,0.0,0.0
2010-02-05,0.07364429137592537,0.14020571332708287,0.0,0.0,0.0,0.14301451212266617,0.2455979138151741,0.0,0.0,0.0,0.39753756935915147,0.0,0.0,0.0,0.0,0.0,0.0,0.0
2010-02-12,0.07022893341409947,0.15795762563933063,0.16332452674387524,0.0,0.0,0.07079976995106203,0.24349491096309417,0.0,0.0,0.0,0.29419423328853844,0.0,0.0,0.0,0.0,0.0,0.0,0.0
2010-02-19,0.094054864121112,0.09903962647862155,0.0,0.0,0.263515996163385,0.0,0.18800735845022593,0.0,0.0,0.0,0.3553821547866555,0.0,0.0,0.0,0.0,0.0,0.0,0.0
2010-02-26,0.07341512984446322,0.1150693887500427,0.0,0.0,0.35850412034156337,0.0,0.17931497209165911,0.0,0.0,0.0,0.2736963889722716,0.0,0.0,0.0,0.0,0.0,0.0,0.0
2010-03-05,0.10766468854723556,0.2428323264543506,0.0,0.0,0.3022342632998959,0.0,0.10663705150931128,0.0,0.0,0.0,0.24063167018920667,0.0,0.0,0.0,0.0,0.0,0.0,0.0
2010-03-12,0.093255269301125,0.261248871166586,0.0,0.0,0.0,0.0,0.24549585953228906,0.0,0.0,0.0,0.39999999999999997,0.0,0.0,0.0,0.0,0.0,0.0,0.0
2010-03-19,0.1376658830264193,0.4,0.0,0.0,0.0,0.0,0.062334116973580586,0.0,0.0,0.0,0.4,0.0,0.0,0.0,0.0,0.0,0.0,0.0
2010-03-26,0.09770219250839997,0.3048031581672748,0.1602057622960171,0.0,0.0,0.0,0.03728888702830812,0.0,0.0,0.0,0.4,0.0,0.0,0.0,0.0,0.0,0.0,0.0
2010-04-02,0.12275416443173567,0.29898306279523396,0.1326538640709593,0.0,0.0,0.0,0.06114769936100251,0.0,0.0,0.0,0.3844612093410684,0.0,0.0,0.0,0.0,0.0,0.0,0.0
2010-04-09,0.052653216180235156,0.310548500159246,0.2469821273984277,0.0,0.0,0.0,0.20348147117930068,0.0,0.0,0.0,0.1863346850827904,0.0,0.0,0.0,0.0,0.0,0.0,0.0
2010-04-16,0.0,0.28584671528718775,0.2596355934542061,0.0,0.2612075706366805,0.0,0.19331012062192565,0.0,0.0,0.0,0.0,0.0,0.0,0.0,0.0,0.0,0.0,0.0
2010-04-23,0.05151476475780488,0.06674689204279725,0.05382567750361875,0.0,0.3942101937801993,0.0,0.06031619864748278,0.0,0.0,0.0,0.044633531403476055,0.0,0.0,0.32875274186462117,0.0,0.0,0.0,0.0
2010-04-30,0.13302590729434233,0.10767611507630373,0.0,0.0,0.0,0.0,0.24452696610505328,0.0,0.0,0.0,0.11477101152430057,0.0,0.0,0.39999999999999997,0.0,0.0,0.0,0.0
2010-05-07,0.15060253442706065,0.10612702756941905,0.0,0.0,0.0,0.0,0.15606563602993287,0.0,0.0,0.0,0.1872048019735875,0.0,0.0,0.4000000000000001,0.0,0.0,0.0,0.0
2010-05-14,0.056097800759493874,0.07965729203306592,0.09900190560644692,0.13693387296786252,0.09173282390826056,0.0,0.10424233610946174,0.0,0.0,0.0,0.171411861778942,0.0,0.0,0.26092210683646644,0.0,0.0,0.0,0.0
2010-05-21,0.05827723716244789,0.1002103885011005,0.0,0.20573530592804085,0.0,0.0,0.13554804788724378,0.0,0.0,0.0,0.20257602095852148,0.0,0.0,0.29765299956264546,0.0,0.0,0.0,0.0
2010-05-28,0.0,0.07313105430601853,0.0,0.18723040443421154,0.29511678253767937,0.0,0.08726520363043949,0.1490695604376471,0.06080735909983349,0.0,0.11466668995364468,0.0,0.0,0.0,0.0,0.032712945600525914,0.0,0.0
2010-06-04,0.0,0.07068976274585292,0.0,0.228884961047863,0.2895563808428083,0.0,0.06560493318866939,0.08819729456608102,0.043683486469296755,0.0,0.0587046692805547,0.06937546480946213,0.029656346630521524,0.0,0.0,0.0,0.055646700418890346,0.0
2010-06-11,0.0,0.17286788988312166,0.14352193893185494,0.3985796164678329,0.0,0.0,0.16112874334326854,0.0,0.0,0.0,0.0,0.12390181137392194,0.0,0.0,0.0,0.0,0.0,0.0
2010-06-18,0.07954682184574703,0.1765013966673399,0.050118463442524595,0.2809615026024458,0.12024153170360545,0.0,0.0980504615839061,0.0,0.0,0.0,0.04805148834137006,0.146528333813061,0.0,0.0,0.0,0.0,0.0,0.0
2010-06-25,0.0,0.12859165838037329,0.04587273045996356,0.23936191712301655,0.27737765047385676,0.0,0.06907062489818866,0.05833598717692465,0.0,0.0,0.05428003111756142,0.12710940037011512,0.0,0.0,0.0,0.0,0.0,0.0
2010-07-02,0.0,0.0999382404778839,0.0,0.23231139789698926,0.0,0.0,0.05394938880509661,0.07306506152313133,0.0,0.02775642376154064,0.06166178299877706,0.12968258588798093,0.03471150421476402,0.2869236144338362,0.0,0.0,0.0,0.0
2010-07-09,0.0,0.10563513142431198,0.0,0.19888911351918354,0.19576112497429046,0.0,0.05973178555727819,0.07125647111002993,0.07828398598848922,0.0,0.06110771989598693,0.18155277334448913,0.047781894185940664,0.0,0.0,0.0,0.0,0.0
2010-07-16,0.0,0.07278943493627751,0.0,0.12034918164187576,0.17670283610897775,0.0,0.07324754198072159,0.053663890931046496,0.09115651090189306,0.0,0.04065544816829306,0.11135458647716602,0.04770753906137169,0.1751257072928101,0.0,0.037247322499567,0.0,0.0
2010-07-23,0.0,0.11085138874671194,0.0,0.16059216230302312,0.32403007254448374,0.0,0.09264079715163431,0.08700746648530877,0.07316389369838945,0.0,0.032605414027150705,0.11910880504329804,0.0,0.0,0.0,0.0,0.0,0.0
2010-07-30,0.0,0.07792570043818821,0.0,0.08156677251447426,0.19672871347871096,0.0,0.06822604207023944,0.0652427771278148,0.05545415423960899,0.0,0.0,0.06854450300286483,0.03907210836499137,0.2975864794831754,0.0,0.04965274927993175,0.0,0.0
2010-08-06,0.0,0.16337636116470314,0.11347918035163534,0.11593409359904484,0.0,0.0,0.10900570798847971,0.064821967072775,0.0,0.0,0.03338268982336196,0.0,0.0,0.4,0.0,0.0,0.0,0.0
2010-08-13,0.0,0.1462647468055822,0.09168679678343812,0.14715406710177537,0.0,0.0,0.07367514396840552,0.046030803691287044,0.0,0.0,0.0,0.0,0.0,0.3999999999999999,0.0,0.09518844164951187,0.0,0.0
2010-08-20,0.0,0.12670914741739372,0.0863747818685371,0.0,0.0,0.0,0.1574512791778476,0.07317908137250378,0.0,0.0,0.03004624336393664,0.0,0.0,0.39999999999999997,0.0,0.12623946679978115,0.0,0.0
2010-08-27,0.0,0.13491168115386548,0.07024187030723485,0.0,0.0,0.0,0.13993741646744592,0.0879156734640158,0.0,0.0,0.04426381482745611,0.12272954377998177,0.0,0.3999999999999999,0.0,0.0,0.0,0.0
2010-09-03,0.0,0.06025081520891808,0.08299498213069759,0.08903511662240493,0.0,0.0,0.12077030972450763,0.07088797909531531,0.0,0.0,0.0,0.12214719206116054,0.05391360515699589,0.40000000000000013,0.0,0.0,0.0,0.0
2010-09-10,0.0,0.04209485429606229,0.04863824582532753,0.07785998385383297,0.12714104860426628,0.0,0.1227566813941039,0.05361895053152134,0.0,0.0,0.0,0.08844980820804799,0.0438004592059843,0.3956399680808535,0.0,0.0,0.0,0.0
2010-09-17,0.0,0.057341282333903246,0.09427219998943932,0.11754351935628407,0.0,0.0,0.09170233113616412,0.0755967611691673,0.0,0.0,0.0,0.14791190578371496,0.07163229083956489,0.34399970939176217,0.0,0.0,0.0,0.0
2010-09-24,0.0,0.16540913154306072,0.08867264739343804,0.23812682803455426,0.1322232360580292,0.11794152140964509,0.17543559457689895,0.08219104098437369,0.0,0.0,0.0,0.0,0.0,0.0,0.0,0.0,0.0,0.0
2010-10-01,0.0,0.10963328740145717,0.06653829980440265,0.1451636286062326,0.0,0.05761717606985948,0.10274974221783721,0.0649097464300156,0.0,0.0,0.05338811947019521,0.0,0.0,0.4,0.0,0.0,0.0,0.0
2010-10-08,0.0,0.20088999880904607,0.0,0.12774284295632027,0.0,0.05093797761500969,0.08756322407038762,0.06128095398611194,0.0,0.0,0.07158500256312429,0.0,0.0,0.39999999999999997,0.0,0.0,0.0,0.0
2010-10-15,0.0,0.14403258383370696,0.0,0.1458210463216779,0.0,0.0,0.1985202380312532,0.0,0.0,0.0,0.1116261318133619,0.0,0.0,0.4,0.0,0.0,0.0,0.0
2010-10-22,0.0,0.17449876513396984,0.07514445910397742,0.12452140518288414,0.0,0.03147710915655006,0.15659358412577543,0.0,0.0,0.0,0.059043671879784224,0.0,0.0,0.37872100541705883,0.0,0.0,0.0,0.0
2010-10-29,0.04228299550844984,0.2415966909248965,0.1313686171188808,0.2016249130402825,0.0,0.1669616659273204,0.09918880659703068,0.0,0.0,0.0,0.11697631088313926,0.0,0.0,0.0,0.0,0.0,0.0,0.0
2010-11-05,0.0,0.2675921273450001,0.0,0.2205009473502151,0.0,0.4,0.11190692530478479,0.0,0.0,0.0,0.0,0.0,0.0,0.0,0.0,0.0,0.0,0.0
2010-11-12,0.03384609200975851,0.18240444353704832,0.0,0.17239226216206702,0.0,0.12179800907500751,0.08955919321611867,0.0,0.0,0.0,0.0,0.0,0.0,0.4000000000000002,0.0,0.0,0.0,0.0
2010-11-19,0.0,0.18574632368651198,0.0,0.10004528281887275,0.0,0.09798608427298887,0.21622230922162633,0.0,0.0,0.0,0.0,0.0,0.0,0.4000000000000001,0.0,0.0,0.0,0.0
2010-11-26,0.05360339398653634,0.23571167260140355,0.0,0.0,0.0,0.12017968152442988,0.19050525188763023,0.0,0.0,0.0,0.0,0.0,0.0,0.4,0.0,0.0,0.0,0.0
2010-12-03,0.028939873859251862,0.17361099864423848,0.0,0.11390212715578016,0.0,0.15122672171349133,0.13232027862723816,0.0,0.0,0.0,0.0,0.0,0.0,0.4,0.0,0.0,0.0,0.0
2010-12-10,0.0522468404906821,0.21962294628081389,0.0,0.20383578839041244,0.0,0.4,0.12429442483809156,0.0,0.0,0.0,0.0,0.0,0.0,0.0,0.0,0.0,0.0,0.0
2010-12-17,0.0,0.2195349869775108,0.0,0.33970893125735,0.0,0.4000000000000001,0.04075608176513918,0.0,0.0,0.0,0.0,0.0,0.0,0.0,0.0,0.0,0.0,0.0
2010-12-24,0.0,0.18318749708000584,0.0,0.2604639615416499,0.0,0.34796919903698076,0.14734195129095767,0.0,0.0,0.0,0.06103739105040576,0.0,0.0,0.0,0.0,0.0,0.0,0.0
2010-12-31,0.0,0.13226607124093182,0.0,0.20042699900913805,0.0,0.28826660038796803,0.17392358711384878,0.0,0.0,0.0,0.07330879919156137,0.0,0.0,0.0,0.0,0.0,0.0,0.1318079430565519
2011-01-07,0.0,0.29333416672592927,0.0,0.0,0.0,0.4,0.19192756237658423,0.0,0.0,0.0,0.11473827089748652,0.0,0.0,0.0,0.0,0.0,0.0,0.0
2011-01-14,0.0,0.22713374370737377,0.0,0.0,0.0,0.39790395798200273,0.2089299013841741,0.0,0.0,0.0,0.16603239692644947,0.0,0.0,0.0,0.0,0.0,0.0,0.0
2011-01-21,0.047286821656396624,0.2207178448530142,0.0,0.09126769619402815,0.0,0.39999999999999997,0.1263156411833081,0.0,0.0,0.0,0.11441199611325285,0.0,0.0,0.0,0.0,0.0,0.0,0.0
2011-01-28,0.13659510460506893,0.26633400905380417,0.0,0.0,0.0,0.3889881367275568,0.12961323626038984,0.0,0.0,0.0,0.0,0.0,0.0,0.0,0.07846951335318032,0.0,0.0,0.0
2011-02-04,0.051050672798256876,0.15595259046584115,0.0,0.0,0.0,0.20937291726538818,0.3378263246065271,0.0973575318943125,0.0,0.14843996296967427,0.0,0.0,0.0,0.0,0.0,0.0,0.0,0.0
2011-02-11,0.03190487910571989,0.10954233308350733,0.0,0.0,0.0,0.22008259063600225,0.3278551545178625,0.08165644624212587,0.0,0.15496931459784358,0.07398928181693865,0.0,0.0,0.0,0.0,0.0,0.0,0.0
2011-02-18,0.0,0.08295970869619732,0.0,0.0,0.0,0.16126454207027946,0.29587422407820374,0.15216628046185565,0.0,0.13276831277780815,0.03662220004461326,0.0,0.0,0.0,0.0,0.1383447318710425,0.0,0.0
2011-02-25,0.0,0.08115843932036132,0.0,0.0,0.22442735438890765,0.1374988092371222,0.2253685801340281,0.12710167777160797,0.0,0.11560992249595985,0.0,0.0,0.0,0.0,0.0888352166520129,0.0,0.0,0.0
2011-03-04,0.03598011388454156,0.0808858862308425,0.0,0.05445469122801413,0.0,0.1150565892933808,0.24322265114407904,0.26756080276938565,0.0,0.1436795509116151,0.0,0.0,0.0,0.0,0.059159714538141145,0.0,0.0,0.0
2011-03-11,0.0,0.07873888515625506,0.0,0.0,0.26590187443942825,0.20840159493496146,0.20706256626501882,0.1531239066822673,0.0,0.08677117252206913,0.0,0.0,0.0,0.0,0.0,0.0,0.0,0.0
2011-03-18,0.0,0.08902073859781652,0.0,0.0,0.0,0.22853019951528372,0.26691342268592255,0.15376300337082782,0.0,0.10120088612277962,0.0,0.0,0.0,0.0,0.0,0.1605717497073698,0.0,0.0
2011-03-25,0.0,0.0555817049746309,0.06874920408483672,0.061649774205853734,0.0,0.12173468534714998,0.0737054931184378,0.15934535937566532,0.10152839815631609,0.0,0.0,0.0,0.0,0.25870794939075825,0.0,0.0,0.09899743134635122,0.0
2011-04-01,0.0,0.04576613910168356,0.05021459870007206,0.060276656504815514,0.0,0.1339854719874199,0.136987221254018,0.10358527453458015,0.0,0.0,0.0,0.08294380510408403,0.05714823427923906,0.2420308648434616,0.0,0.0,0.08706173369062617,0.0
2011-04-08,0.0,0.034144323802359426,0.04931173206525673,0.03241742648154834,0.0,0.09943929853171754,0.1031935903810978,0.05357062175219265,0.0,0.0,0.0,0.07268347320507135,0.0,0.3670300759122806,0.0,0.040347053172542065,0.14786240469593365,0.0
2011-04-15,0.0,0.022442455304033736,0.06368015247472616,0.12130780267295638,0.0,0.0721402685847718,0.08951161151192362,0.08668888236867905,0.0,0.0,0.0,0.06524584109223057,0.0,0.29528840457586014,0.0,0.07055707531701737,0.11313750609780103,0.0
2011-04-22,0.0,0.029403421394788926,0.040700526366989134,0.05412040877157025,0.0,0.08869851968557498,0.08160427139579733,0.07202208780384771,0.0,0.0,0.0,0.059612923126281005,0.0,0.3938177153213018,0.0,0.05954605319525914,0.12047407293858958,0.0
2011-04-29,0.0,0.03301567122509752,0.03732528147207245,0.07024696223256205,0.06822320356845077,0.08179428802260648,0.08144062374110793,0.0761565716992367,0.0,0.0,0.0,0.0,0.0,0.40000000000000013,0.0,0.03816780523821003,0.11362959280065595,0.0
2011-05-06,0.0,0.030237357648478236,0.0,0.12977859181730292,0.24372111164442664,0.07144591448629099,0.07401647338034952,0.02952461585579289,0.0,0.0,0.0,0.0,0.0,0.4000000000000001,0.0,0.02127593516735884,0.0,0.0
2011-05-13,0.0,0.03888186417942363,0.04050717262639415,0.13541482463646726,0.15768327504745433,0.09303610508237271,0.09572898101999582,0.0,0.0,0.0,0.03285772712541383,0.0,0.0,0.40589005028247827,0.0,0.0,0.0,0.0
2011-05-20,0.0,0.04552771983950509,0.03808128190604742,0.11602365526630577,0.13630980115800206,0.10169626694432723,0.0786657637005803,0.03672093952502885,0.0,0.06290482129488134,0.0,0.0,0.0,0.38406975036532204,0.0,0.0,0.0,0.0
2011-05-27,0.0,0.03519558087018816,0.0,0.042371046270802855,0.23560571948744025,0.10098308953881645,0.06468310690172098,0.06254198194409173,0.0,0.048266715839089175,0.0,0.0,0.0,0.38007288104144843,0.0,0.030279878106401974,0.0,0.0
2011-06-03,0.0,0.06666547607356796,0.0,0.0,0.2424688122846636,0.16097653903138187,0.12195267290300706,0.0,0.0,0.07481234233491472,0.03818197010630495,0.0,0.0,0.29494218726615984,0.0,0.0,0.0,0.0
2011-06-10,0.0,0.02678480881248701,0.0,0.047286022968432054,0.2092174715145139,0.12112120970015947,0.091149533131746,0.06063636120849089,0.0,0.043804592664170736,0.0,0.0,0.0,0.4,0.0,0.0,0.0,0.0
2011-06-17,0.0,0.026803569475043112,0.0,0.12217167290382419,0.15106657253812825,0.09407423313990017,0.0712457276388851,0.07943365610970367,0.0,0.025623970165059882,0.0,0.0,0.0,0.3551377908245892,0.0,0.042965450872968915,0.03147735633189756,0.0
2011-06-24,0.0,0.028806752763737446,0.020190081142498956,0.10281430012459769,0.18595194363894046,0.06298898781172407,0.03431789048497504,0.07970651308553446,0.0,0.0324552517389145,0.0,0.0,0.0,0.4,0.0,0.05276827920907729,0.0,0.0
2011-07-01,0.0,0.024282120455584078,0.0,0.06013563506923776,0.17349554308167509,0.07836656270532133,0.0,0.11115488398280952,0.0,0.06561228392116868,0.0,0.0,0.0,0.40779265241781026,0.07916031836639342,0.0,0.0,0.0
2011-07-08,0.0,0.0329224827581906,0.02307140182557655,0.16029930782194207,0.21884139756494633,0.08387535861895505,0.0,0.0,0.0,0.04453635661801022,0.0,0.0,0.0,0.2874127169370784,0.11891503342375832,0.03012594443154233,0.0,0.0
2011-07-15,0.0,0.04370097125112091,0.0,0.14872398396934894,0.25163396319536513,0.12667203428655788,0.0292690472976072,0.0,0.0,0.0,0.0,0.0,0.0,0.4,0.0,0.0,0.0,0.0
2011-07-22,0.0,0.02921368023021704,0.0,0.15619689999957,0.0637440875524972,0.09264424264055196,0.0,0.09220876602929647,0.04171214343680119,0.0,0.0,0.05280352741825074,0.05279002670082596,0.3810901036789489,0.0,0.037596522313040615,0.0,0.0
2011-07-29,0.0,0.045989431496005435,0.0,0.10820909483597131,0.10562575727903152,0.07740312905994075,0.0,0.10433909694795157,0.0,0.0,0.0,0.08531938502204814,0.0,0.4071668392392276,0.0,0.06594726611982385,0.0,0.0
2011-08-05,0.0,0.04960289315815228,0.020079182662582476,0.07087663974094839,0.09982603176996699,0.07496217007090025,0.02346353919199314,0.14487790728263503,0.0,0.0,0.0,0.05867491465404658,0.0,0.4,0.0,0.057636721468774924,0.0,0.0
2011-08-12,0.0,0.04373419546838979,0.021434687005518212,0.07391343850793315,0.0829046279259068,0.06472394368078183,0.0,0.11324051796688028,0.0,0.0,0.0,0.0927678114606795,0.055083404697522736,0.4,0.0,0.05219737328638765,0.0,0.0
2011-08-19,0.0,0.0,0.0,0.0,0.15673540238875483,0.058203191498052434,0.0,0.061852239864717495,0.0,0.042724152999766264,0.0,0.030327538969297116,0.0,0.4129691066849981,0.17965944277804372,0.05752892481636999,0.0,0.0
2011-08-26,0.0,0.0,0.0,0.05252788939954134,0.157931996401069,0.06991643906335353,0.0,0.08830726349391453,0.02544262454807134,0.0,0.0,0.027093157471889312,0.0,0.41354697137544977,0.11450282784568047,0.05073083040103075,0.0,0.0
2011-09-02,0.0,0.04625425963069663,0.0,0.049939923060630796,0.0,0.1480653647197984,0.0,0.09646546059318827,0.04528170912129088,0.0292145355656656,0.0,0.030082691706188946,0.06288847907172508,0.4000000000000001,0.0,0.09180757653081537,0.0,0.0
2011-09-09,0.0,0.06409231247999511,0.03563170760045541,0.0,0.0,0.22472159201370856,0.0,0.11446660492277244,0.0,0.07652944906172662,0.0,0.0,0.0,0.39999999999999997,0.0,0.08455833392134172,0.0,0.0
2011-09-16,0.0,0.05801725558447782,0.0,0.0,0.0,0.15360838731032464,0.0,0.10834290251812921,0.07626438512267494,0.08735344349847841,0.0,0.0845168101043874,0.0,0.3159289585059639,0.0,0.11596785735556367,0.0,0.0
2011-09-23,0.0,0.05830963944393543,0.029445536483814042,0.0,0.0,0.13055823487569068,0.0,0.11893311596604217,0.0,0.09071573539757216,0.0,0.045583450378777715,0.0,0.4000000000000001,0.0,0.05185610973088743,0.0745981777232802,0.0
2011-09-30,0.0,0.07409514126346754,0.0,0.0,0.2503664763362169,0.304551199168703,0.0,0.0,0.0,0.2542617507907356,0.0,0.0,0.0,0.0,0.0,0.0,0.11672543244087687,0.0
2011-10-07,0.0,0.07932153720104082,0.05467966062296427,0.0,0.32188592549322936,0.32306053958344194,0.0,0.0,0.0,0.1695046369712428,0.051547700128080784,0.0,0.0,0.0,0.0,0.0,0.0,0.0
2011-10-14,0.0,0.0646988837417184,0.0,0.0,0.39603688648734203,0.30483422769403984,0.0,0.0,0.0,0.176975591195466,0.057454410881433826,0.0,0.0,0.0,0.0,0.0,0.0,0.0
2011-10-21,0.0,0.048124994236294606,0.0,0.0,0.2884482732429594,0.24288425238398345,0.0,0.0,0.0,0.06313274670010963,0.030217105023120576,0.0,0.0,0.3271926284135323,0.0,0.0,0.0,0.0
2011-10-28,0.0,0.04729744967727667,0.0,0.0,0.2451792785001182,0.201228739560234,0.0,0.0,0.0,0.06605012789869398,0.040244404363677044,0.0,0.0,0.4000000000000001,0.0,0.0,0.0,0.0
2011-11-04,0.0,0.06246113088254584,0.0,0.0,0.2176159808069957,0.1729107110796586,0.0,0.0,0.0,0.09074193855782814,0.05627023867297179,0.0,0.0,0.39999999999999997,0.0,0.0,0.0,0.0
2011-11-11,0.0,0.12629521872612715,0.0,0.0,0.3873920548759236,0.20379321315866744,0.0,0.0,0.0,0.20246210969755765,0.08005740354172418,0.0,0.0,0.0,0.0,0.0,0.0,0.0
2011-11-18,0.0,0.05028568272621704,0.0,0.0,0.28835388272044554,0.1435027855493142,0.06703872730557074,0.0,0.0,0.1305741995389268,0.03284685067583,0.0,0.0,0.2873978714836957,0.0,0.0,0.0,0.0
2011-11-25,0.0,0.10346740921363146,0.0,0.0,0.37642118866665386,0.21218469865070674,0.12745101430341962,0.0,0.0,0.1228165731887766,0.0,0.0,0.0,0.0,0.0,0.057659115976811705,0.0,0.0
2011-12-02,0.0,0.07650242017332091,0.05349679229487916,0.0,0.21926172807233008,0.21532594435022767,0.08745499162457765,0.0,0.0,0.10325087910661156,0.0,0.0,0.0,0.19268202657047917,0.0,0.05202521780757385,0.0,0.0
2011-12-09,0.0,0.06225548485519357,0.038685161237896414,0.0,0.11732857654580323,0.12363072995804777,0.05483163188094752,0.0,0.0,0.06331820574952293,0.0,0.06070715739320176,0.0,0.3999999999999999,0.0,0.07924305237938677,0.0,0.0
2011-12-16,0.0,0.09442397742425922,0.0,0.0,0.14930347796750335,0.1429380537669524,0.10141816536456459,0.0,0.0,0.06543998660033833,0.0,0.0,0.0,0.4,0.0,0.046476338876382146,0.0,0.0
2011-12-23,0.0,0.07248787994002251,0.0,0.0,0.17753423283728426,0.14262495292413413,0.14040021772276903,0.0,0.0,0.06695271657579002,0.0,0.0,0.0,0.39999999999999997,0.0,0.0,0.0,0.0
2011-12-30,0.0,0.06062030740004444,0.0,0.0,0.10492850220739997,0.21332576428148536,0.07484893001414702,0.0,0.0,0.06781109971136767,0.0,0.0,0.0,0.4,0.0,0.0,0.07846539638555554,0.0
2012-01-06,0.0,0.0563233470699398,0.0,0.0,0.05892572449693077,0.14207082231958348,0.0,0.0,0.0,0.06407328634420245,0.06035387753878246,0.0,0.0,0.4000000000000001,0.0,0.0,0.2182529422305611,0.0
2012-01-13,0.0,0.04068407097680407,0.0,0.0,0.04922622350583896,0.16308795030440473,0.05739691341305648,0.0,0.0,0.038525661622574064,0.14228543407492622,0.0,0.0,0.4,0.0,0.0,0.10879374610239545,0.0
2012-01-20,0.0,0.028547794187299674,0.0,0.0,0.06689603170944815,0.14290312895765728,0.07719840144375052,0.0,0.0,0.04524122640698411,0.0829609764638255,0.0,0.0,0.4,0.0,0.0,0.15625244083103468,0.0
2012-01-27,0.0,0.030331485867240653,0.0,0.0,0.0,0.09103819999815879,0.12776328891891575,0.0,0.0,0.0,0.25809274399646415,0.0,0.0,0.4,0.0,0.0,0.09277428121922066,0.0
2012-02-03,0.0,0.06067406950632029,0.0,0.0,0.0,0.08289856747701413,0.1157186685232166,0.0,0.0,0.0,0.2920035295374327,0.0,0.0,0.4,0.0,0.0,0.04870516495601626,0.0
2012-02-10,0.042196283924758125,0.036111859146110016,0.0,0.0,0.0,0.11898012049974625,0.12543449655452793,0.0,0.0,0.0,0.2772772398748576,0.0,0.0,0.4000000000000001,0.0,0.0,0.0,0.0
2012-02-17,0.0,0.07856329569620041,0.0,0.0,0.0,0.09828490471864605,0.12619383915085527,0.0,0.0,0.0,0.2969579604342983,0.0,0.0,0.40000000000000013,0.0,0.0,0.0,0.0
2012-02-24,0.0,0.10844406990389537,0.0,0.0,0.0,0.09244066241967001,0.19316822857070742,0.0,0.0,0.0,0.2059470391057273,0.0,0.0,0.4,0.0,0.0,0.0,0.0
2012-03-02,0.07429050876287396,0.17374262542692634,0.0,0.0,0.0,0.264618477927336,0.3274036240551642,0.0,0.0,0.0,0.1599447638276996,0.0,0.0,0.0,0.0,0.0,0.0,0.0
2012-03-09,0.04755945140801431,0.074627813613606,0.0,0.0,0.0,0.13261429447200487,0.14613770848991595,0.0,0.0,0.0,0.19906073201645888,0.0,0.0,0.4,0.0,0.0,0.0,0.0
2012-03-16,0.0,0.16035844546750713,0.0,0.0,0.0,0.21705091213157116,0.31451598235445377,0.0,0.0,0.0,0.30807466004646805,0.0,0.0,0.0,0.0,0.0,0.0,0.0
2012-03-23,0.0,0.2151863185180247,0.0,0.0,0.0,0.060045612057272095,0.32476806942470327,0.0,0.0,0.0,0.4,0.0,0.0,0.0,0.0,0.0,0.0,0.0
2012-03-30,0.0,0.2568345044883044,0.0,0.0,0.0,0.0,0.34316549551169556,0.0,0.0,0.0,0.4,0.0,0.0,0.0,0.0,0.0,0.0,0.0
2012-04-06,0.0,0.11096651551988729,0.0,0.0,0.0,0.0,0.1461799616413198,0.07845158807114294,0.1520631295557603,0.0,0.15537609685544673,0.0825846864835192,0.0,0.18575279096915323,0.0,0.08862523090377047,0.0,0.0
2012-04-13,0.0,0.16632997440625852,0.0,0.0,0.0,0.0,0.1663060197297564,0.102554229835108,0.1924079974422671,0.0,0.256212564134475,0.0,0.0,0.0,0.0,0.11618921445213505,0.0,0.0
2012-04-20,0.0,0.1422647709632683,0.0,0.0,0.0,0.0,0.07724960016433358,0.0,0.2327988094237278,0.0,0.4,0.14768681944867035,0.0,0.0,0.0,0.0,0.0,0.0
2012-04-27,0.0,0.19138815590609123,0.0,0.0,0.0,0.0704732268200416,0.10209257481956234,0.0,0.0,0.12975698748175418,0.3698566451775789,0.0,0.0,0.0,0.0,0.13643240979497176,0.0,0.0
2012-05-04,0.0,0.30957344029262474,0.0,0.0,0.0,0.12038295733516424,0.0,0.0,0.0,0.0,0.4,0.0,0.0,0.0,0.0,0.1700436023722109,0.0,0.0
2012-05-11,0.0,0.12496067799408686,0.0,0.0,0.0,0.039535801307766225,0.07580958908068591,0.0,0.23834643949390016,0.0,0.39999999999999997,0.0,0.0,0.0,0.0,0.12134749212356073,0.0,0.0
2012-05-18,0.0,0.4,0.0,0.0,0.0,0.19999999999999996,0.0,0.0,0.0,0.0,0.4,0.0,0.0,0.0,0.0,0.0,0.0,0.0
2012-05-25,0.06627441081343353,0.13293637164087352,0.0,0.0,0.19532278689904403,0.12476527847503394,0.0,0.0,0.2002755506557398,0.0,0.28042560151587526,0.0,0.0,0.0,0.0,0.0,0.0,0.0
2012-06-01,0.06801450495632864,0.10890581299995687,0.0,0.0,0.15539042627322291,0.12135354382176222,0.0,0.07048118069712926,0.2009400599336147,0.0,0.2749144713179853,0.0,0.0,0.0,0.0,0.0,0.0,0.0
2012-06-08,0.13689824238105022,0.15255376999213457,0.0,0.0,0.0,0.36627654167009727,0.0,0.0,0.17465235898213524,0.0,0.16961908697458272,0.0,0.0,0.0,0.0,0.0,0.0,0.0
2012-06-15,0.15388347268032126,0.1563505090707897,0.10362940021264423,0.0,0.0,0.21230822807220814,0.057996043843871074,0.0,0.19319570258910865,0.0,0.12263664353105697,0.0,0.0,0.0,0.0,0.0,0.0,0.0
2012-06-22,0.10732384706040458,0.27736402695675194,0.10140251038541306,0.0,0.0,0.1658577237680611,0.09945315755860319,0.0,0.0,0.0,0.2485987342707662,0.0,0.0,0.0,0.0,0.0,0.0,0.0
2012-06-29,0.11622885894547313,0.3007896775789879,0.08265048204356247,0.0,0.0,0.15920408617180887,0.14626322898258481,0.0,0.0,0.0,0.19486366627758284,0.0,0.0,0.0,0.0,0.0,0.0,0.0
2012-07-06,0.11319152296750251,0.23651883420995304,0.0,0.0,0.0,0.28796903765251475,0.11229068317467909,0.0,0.0,0.0,0.25002992199535073,0.0,0.0,0.0,0.0,0.0,0.0,0.0
2012-07-13,0.17084647192625702,0.16738746407506372,0.0,0.0,0.0,0.22231208222101473,0.23666221909116067,0.0,0.0,0.0,0.2027917626865038,0.0,0.0,0.0,0.0,0.0,0.0,0.0
2012-07-20,0.10497800355769417,0.11025269726665393,0.0,0.0,0.0,0.21781005326815578,0.17423006481650097,0.0,0.17308081385875432,0.0,0.2196483672322408,0.0,0.0,0.0,0.0,0.0,0.0,0.0
2012-07-27,0.09284309037315373,0.09063255130667797,0.0,0.0,0.0,0.15198595218571295,0.20534951302815962,0.0,0.24631709191694223,0.0,0.21287180118935345,0.0,0.0,0.0,0.0,0.0,0.0,0.0
2012-08-03,0.0,0.06316298043716083,0.0,0.0,0.0,0.1220534231051188,0.12491140208225761,0.0,0.1484053657649791,0.0,0.1465033013566759,0.0,0.0,0.39496352725380784,0.0,0.0,0.0,0.0
2012-08-10,0.0,0.07953240649406852,0.08999153988704582,0.0,0.0,0.12316004755089767,0.061294411466951276,0.0,0.0,0.0,0.24602159460103648,0.0,0.0,0.4,0.0,0.0,0.0,0.0
2012-08-17,0.0,0.09734515188908428,0.0,0.0,0.0,0.043233155181558396,0.11425230479858117,0.0,0.0,0.0,0.34516938813077613,0.0,0.0,0.39999999999999997,0.0,0.0,0.0,0.0
2012-08-24,0.10723756188561039,0.06674476817945942,0.0,0.0,0.0,0.0557161579843238,0.13973115352073548,0.0,0.0,0.0,0.23057035842987095,0.0,0.0,0.39999999999999997,0.0,0.0,0.0,0.0
2012-08-31,0.25125424050058687,0.12022410582074332,0.0,0.0,0.0,0.0,0.22852165367866983,0.0,0.0,0.0,0.4000000000000001,0.0,0.0,0.0,0.0,0.0,0.0,0.0
2012-09-07,0.18816856237925927,0.12298638804971952,0.0,0.0,0.0,0.0,0.3368579588153735,0.0,0.0,0.0,0.35198709075564766,0.0,0.0,0.0,0.0,0.0,0.0,0.0
2012-09-14,0.10722651696076319,0.070975315485453,0.0,0.0,0.0,0.045135973784671095,0.1538671501291326,0.0,0.0,0.0,0.22279504363998007,0.0,0.0,0.4,0.0,0.0,0.0,0.0
2012-09-21,0.2270944266359594,0.15051513623390889,0.0,0.0,0.0,0.0,0.24396997990687366,0.0,0.0,0.0,0.37842045722325807,0.0,0.0,0.0,0.0,0.0,0.0,0.0
2012-09-28,0.09036969327205427,0.07798897501985468,0.0,0.0,0.0,0.06885559820438461,0.15570694454002368,0.0,0.0,0.0,0.20707878896368276,0.0,0.0,0.39999999999999997,0.0,0.0,0.0,0.0
2012-10-05,0.15507741819797036,0.06438215298442618,0.0,0.0,0.0,0.0,0.15776141044645908,0.0,0.0,0.0,0.23424384243758906,0.0,0.0,0.3885351759335552,0.0,0.0,0.0,0.0
2012-10-12,0.1600292893340863,0.07411700929683747,0.0,0.0,0.0,0.07845964181916797,0.18648546642479055,0.0,0.0,0.0,0.24405435199488143,0.0,0.0,0.25685424113023636,0.0,0.0,0.0,0.0
2012-10-19,0.1384209869345584,0.04279608940097398,0.0,0.0,0.0,0.06488668829945092,0.16149980307220307,0.0,0.0,0.0,0.22073439599255032,0.0,0.0,0.37166203630026334,0.0,0.0,0.0,0.0
2012-10-26,0.19398707277441632,0.082685741135544,0.0,0.0,0.0,0.11546660508778864,0.2545047645721611,0.0,0.0,0.0,0.3533558164300899,0.0,0.0,0.0,0.0,0.0,0.0,0.0
2012-11-02,0.1075938576985342,0.10312061690329766,0.0,0.0,0.0,0.1559679609216797,0.2333175644764884,0.0,0.0,0.0,0.0,0.0,0.0,0.3999999999999999,0.0,0.0,0.0,0.0
2012-11-09,0.08585832673426323,0.09266826362853879,0.1419198882221772,0.0,0.0,0.04533684267854957,0.13136787507485903,0.0,0.0,0.0,0.10284880366161209,0.0,0.0,0.39999999999999997,0.0,0.0,0.0,0.0
2012-11-16,0.05185145064720676,0.051088042981601446,0.0,0.0744538019307417,0.0,0.15296461549487225,0.17009293792124944,0.0,0.0,0.0,0.09954915102432839,0.0,0.0,0.3999999999999999,0.0,0.0,0.0,0.0
2012-11-23,0.0,0.054999273695773676,0.0,0.0,0.0,0.14874091226951985,0.19734178938316324,0.0,0.0,0.0,0.19891802465154315,0.0,0.0,0.4,0.0,0.0,0.0,0.0
2012-11-30,0.0,0.07917271278753499,0.0,0.0,0.0,0.15281241220273073,0.36801487500973434,0.0,0.0,0.0,0.0,0.0,0.0,0.4,0.0,0.0,0.0,0.0
2012-12-07,0.0,0.0,0.3737341831573835,0.0,0.0,0.0,0.22626581684261654,0.0,0.0,0.0,0.0,0.0,0.0,0.4,0.0,0.0,0.0,0.0
2012-12-14,0.0,0.0,0.16102819898109416,0.0,0.0,0.045280434636369236,0.12811969187251604,0.0,0.2655716745100205,0.0,0.0,0.0,0.0,0.4,0.0,0.0,0.0,0.0
2012-12-21,0.0,0.0,0.17037743888832685,0.0,0.2254748561811089,0.04570534540796491,0.15844235952259927,0.0,0.0,0.0,0.0,0.0,0.0,0.4,0.0,0.0,0.0,0.0
2012-12-28,0.0,0.0,0.12872765140313702,0.0,0.2252749938887,0.0892814233272414,0.1567159313809215,0.0,0.0,0.0,0.0,0.0,0.0,0.4,0.0,0.0,0.0,0.0
2013-01-04,0.0,0.04725883595263909,0.14566538101129253,0.0,0.2900620001175898,0.0,0.11701378291847866,0.0,0.0,0.0,0.0,0.0,0.0,0.4000000000000001,0.0,0.0,0.0,0.0
2013-01-11,0.0,0.13335284310379064,0.0,0.0,0.0,0.09114944894633926,0.2061445964884703,0.0,0.0,0.0,0.1693531114613998,0.0,0.0,0.4,0.0,0.0,0.0,0.0
2013-01-18,0.0,0.08723948150303444,0.0,0.0,0.324734589526238,0.03237838373305839,0.07546742328897915,0.0,0.0,0.0,0.08018012194868998,0.0,0.0,0.4,0.0,0.0,0.0,0.0
2013-01-25,0.15144293353331065,0.15098884289546408,0.0,0.0,0.19550784884583836,0.0,0.10206037472538683,0.0,0.0,0.0,0.0,0.0,0.0,0.40000000000000013,0.0,0.0,0.0,0.0
2013-02-01,0.036866111905788534,0.07105306669159417,0.11640776649858355,0.0,0.3193055825669388,0.0,0.05636747233709493,0.0,0.0,0.0,0.0,0.0,0.0,0.4,0.0,0.0,0.0,0.0
2013-02-08,0.0,0.10300359994397641,0.30209924760963297,0.08670268313213872,0.0,0.0,0.1081944693142519,0.0,0.0,0.0,0.0,0.0,0.0,0.4,0.0,0.0,0.0,0.0
2013-02-15,0.0,0.21137495986749222,0.0,0.1865267030630379,0.0,0.0,0.20209833706946984,0.0,0.0,0.0,0.0,0.0,0.0,0.4000000000000001,0.0,0.0,0.0,0.0
2013-02-22,0.0,0.3902415587629938,0.0,0.0,0.0,0.0,0.0,0.0,0.0,0.0,0.20975844123700613,0.0,0.0,0.4,0.0,0.0,0.0,0.0
2013-03-01,0.15926088664771185,0.19832024345383079,0.0,0.0,0.0,0.0,0.11241482077669217,0.0,0.0,0.0,0.13000404912176514,0.0,0.0,0.39999999999999997,0.0,0.0,0.0,0.0
2013-03-08,0.17322292045945814,0.23862686529992996,0.0,0.0,0.0,0.0,0.18815021424061193,0.0,0.0,0.0,0.0,0.0,0.0,0.3999999999999999,0.0,0.0,0.0,0.0
2013-03-15,0.20231148865728693,0.21355845099451956,0.0,0.0,0.0,0.0,0.1841300603481934,0.0,0.0,0.0,0.0,0.0,0.0,0.39999999999999997,0.0,0.0,0.0,0.0
2013-03-22,0.11843511775467416,0.16532882704922625,0.0,0.0,0.0,0.0,0.12270357190320236,0.0,0.0,0.0,0.1935324832928972,0.0,0.0,0.4000000000000001,0.0,0.0,0.0,0.0
2013-03-29,0.348318208841117,0.25168179115888284,0.0,0.0,0.0,0.0,0.0,0.0,0.0,0.0,0.0,0.0,0.0,0.4,0.0,0.0,0.0,0.0
2013-04-05,0.39032731925623904,0.2096726807437609,0.4000000000000001,0.0,0.0,0.0,0.0,0.0,0.0,0.0,0.0,0.0,0.0,0.0,0.0,0.0,0.0,0.0
2013-04-12,0.3112104781925172,0.29626795515427923,0.3925215666532036,0.0,0.0,0.0,0.0,0.0,0.0,0.0,0.0,0.0,0.0,0.0,0.0,0.0,0.0,0.0
2013-04-19,0.1655427563416981,0.1500760885916632,0.16869546135525637,0.0,0.0,0.0,0.0,0.0,0.0,0.0,0.11568569371138245,0.0,0.0,0.4,0.0,0.0,0.0,0.0
2013-04-26,0.15653449970218963,0.15323166550416506,0.09334988520961958,0.0,0.0,0.0,0.04158145481270539,0.0,0.0,0.0,0.15530249477132033,0.0,0.0,0.4000000000000001,0.0,0.0,0.0,0.0
2013-05-03,0.12279472928491474,0.1879518255200414,0.05635257442054504,0.0,0.0,0.0,0.04912646810809411,0.0,0.0,0.0,0.1837744026664048,0.0,0.0,0.4000000000000001,0.0,0.0,0.0,0.0
2013-05-10,0.19219180492019566,0.2744908204354467,0.13331737464435758,0.0,0.0,0.0,0.0,0.0,0.0,0.0,0.0,0.0,0.0,0.4,0.0,0.0,0.0,0.0
2013-05-17,0.17082949445335122,0.19789142114491887,0.08123189830282654,0.0,0.0,0.0,0.0,0.0,0.0,0.0,0.15004718609890333,0.0,0.0,0.4000000000000001,0.0,0.0,0.0,0.0
2013-05-24,0.08444528086490884,0.17595844859896367,0.07981049183263524,0.0,0.0,0.0,0.0,0.0,0.0,0.0,0.2597857787034923,0.0,0.0,0.4,0.0,0.0,0.0,0.0
2013-05-31,0.07652574161956191,0.15164495378049328,0.09057231453213757,0.0,0.0,0.0,0.0,0.0,0.0,0.0,0.28125699006780713,0.0,0.0,0.4,0.0,0.0,0.0,0.0
2013-06-07,0.2047262022750716,0.28064626835456835,0.11462752937035997,0.0,0.0,0.0,0.0,0.0,0.0,0.0,0.4,0.0,0.0,0.0,0.0,0.0,0.0,0.0
2013-06-14,0.24040749545193932,0.21504691553245223,0.0,0.0,0.0,0.14454558901560846,0.0,0.0,0.0,0.0,0.4,0.0,0.0,0.0,0.0,0.0,0.0,0.0
2013-06-21,0.10439547194157393,0.1845564018044389,0.0,0.0,0.0,0.0,0.0,0.0,0.0,0.0,0.31104812625398714,0.0,0.0,0.4000000000000001,0.0,0.0,0.0,0.0
2013-06-28,0.07315482270679632,0.1352862845689617,0.0,0.0,0.0,0.14792210889234716,0.0,0.0,0.0,0.0,0.2961253166960202,0.0,0.0,0.3475114671358746,0.0,0.0,0.0,0.0
2013-07-05,0.09601217384183827,0.1538554041341054,0.0,0.0,0.0,0.11964565932771859,0.0,0.0,0.0,0.0,0.2530478126544111,0.0,0.0,0.3774389500419267,0.0,0.0,0.0,0.0
2013-07-12,0.051491125483545834,0.0970702952631605,0.0,0.0,0.32478352376010283,0.08449827845418298,0.0,0.0,0.0,0.0,0.1964552325289166,0.0,0.0,0.2457015445100913,0.0,0.0,0.0,0.0
2013-07-19,0.10085255170833653,0.15342372007686492,0.0,0.0,0.0,0.15555409778298931,0.0,0.0,0.0,0.0,0.268034364790722,0.0,0.0,0.32213526564108724,0.0,0.0,0.0,0.0
2013-07-26,0.09832485023221785,0.17988767894059077,0.0,0.0,0.0,0.16332029459320974,0.0,0.0,0.0,0.0,0.2760385908646996,0.0,0.0,0.2824285853692821,0.0,0.0,0.0,0.0
2013-08-02,0.07583210054373941,0.2531739574039842,0.0,0.0,0.0,0.2709939420522764,0.0,0.0,0.0,0.0,0.4,0.0,0.0,0.0,0.0,0.0,0.0,0.0
2013-08-09,0.1013034519369491,0.12893402136198673,0.0,0.0,0.13138793739299687,0.14194016695957906,0.0,0.0,0.0,0.0,0.26681349832274576,0.0,0.0,0.22962092402574247,0.0,0.0,0.0,0.0
2013-08-16,0.071448115938387,0.1160326830311046,0.042030556539289006,0.0,0.2570977868940626,0.11171078836180888,0.0,0.0,0.0,0.0,0.19459161358234914,0.0,0.0,0.2070884556529988,0.0,0.0,0.0,0.0
2013-08-23,0.06440469270009463,0.09387266730623021,0.0,0.0,0.24853774684554786,0.09339639634036438,0.0,0.0,0.0,0.0,0.19204524296275838,0.0,0.0,0.3077432538450045,0.0,0.0,0.0,0.0
2013-08-30,0.07879072954517627,0.08274223625381022,0.0,0.0,0.11284412835168353,0.16795096554020925,0.025967195839792675,0.0,0.0,0.0,0.19138266612462643,0.0,0.0,0.34032207834470163,0.0,0.0,0.0,0.0
2013-09-06,0.03300144424483332,0.06439340103559578,0.04236727935950871,0.0,0.27493965476304394,0.146513128630284,0.02048043218436552,0.0,0.0,0.0,0.16410804355646022,0.0,0.0,0.2541966162259085,0.0,0.0,0.0,0.0
2013-09-13,0.030876951907369825,0.0453897017710318,0.0,0.0,0.327243670977933,0.13149148217623433,0.0,0.0,0.0,0.0,0.16459317935756076,0.0,0.0,0.30040501380987034,0.0,0.0,0.0,0.0
2013-09-20,0.029260440593089073,0.03705500110185003,0.08583682196562313,0.0,0.33342671863431533,0.12394704838911955,0.0,0.0,0.0,0.0,0.1576662329567199,0.0,0.0,0.23280773635928312,0.0,0.0,0.0,0.0
2013-09-27,0.028154826432317683,0.043269240871273665,0.11138756792766326,0.0,0.28741216087912813,0.13839390146962355,0.0,0.0,0.0,0.0,0.17443650907248787,0.0,0.0,0.2169457933475058,0.0,0.0,0.0,0.0
2013-10-04,0.026456964990809427,0.05376748862009863,0.08618432983936618,0.0,0.2933125253827781,0.15093875172806717,0.0,0.0,0.0,0.0,0.15137491836830072,0.0,0.0,0.23796502107057976,0.0,0.0,0.0,0.0
2013-10-11,0.0,0.0486223828709626,0.08920562911113032,0.0,0.3402817617235875,0.1314481225757774,0.0,0.0,0.0,0.0,0.12140877145700901,0.0,0.0,0.26903333226153314,0.0,0.0,0.0,0.0
2013-10-18,0.0,0.04326077211733737,0.08887516619259336,0.0,0.3358230989491479,0.1122426514520389,0.0,0.0,0.0,0.0,0.11128141220100313,0.0,0.0,0.30851689908787927,0.0,0.0,0.0,0.0
2013-10-25,0.0,0.10990032473101861,0.11761819541738239,0.0,0.4,0.17913806330643525,0.0,0.0,0.0,0.0,0.1933434165451637,0.0,0.0,0.0,0.0,0.0,0.0,0.0
2013-11-01,0.06289949355105875,0.13854352725490884,0.21877941490148245,0.0,0.12059119225186783,0.13716845007760725,0.0,0.0,0.0,0.0,0.322017921963075,0.0,0.0,0.0,0.0,0.0,0.0,0.0
2013-11-08,0.06381865463097325,0.07042461751846298,0.2683417393115543,0.0,0.1254305018806543,0.12405307914636718,0.04639911904381798,0.073536244143499,0.0,0.0,0.22799604432467105,0.0,0.0,0.0,0.0,0.0,0.0,0.0
2013-11-15,0.15281107998525859,0.10906850498858162,0.10464361269349443,0.09425764826162512,0.1347216338417402,0.20409283708460796,0.0,0.0,0.0,0.0,0.2004046831446921,0.0,0.0,0.0,0.0,0.0,0.0,0.0
2013-11-22,0.1414158429046462,0.10233584917097893,0.152717315823591,0.0,0.0,0.2688091187454509,0.05672181559555751,0.0,0.0,0.0,0.06524638942767848,0.0,0.0,0.2127536683320971,0.0,0.0,0.0,0.0
2013-11-29,0.10204360193269621,0.09529833166966865,0.18083382239828433,0.0,0.0,0.24626036461789322,0.02834608126758207,0.0,0.0,0.0,0.07808797063016436,0.0,0.0,0.2691298274837112,0.0,0.0,0.0,0.0
2013-12-06,0.08076609159920956,0.07943116988215795,0.2302214176040062,0.0,0.0,0.2316439066624754,0.0,0.0,0.229391460843838,0.0,0.1106654853238296,0.0,0.0,0.0,0.0,0.0,0.0,0.0378804680844834
2013-12-13,0.08212850082621113,0.10081704526657707,0.33959633802866124,0.0,0.0,0.2887790831198112,0.03159260133331443,0.0,0.0,0.0,0.15708643142542494,0.0,0.0,0.0,0.0,0.0,0.0,0.0
2013-12-20,0.07857384111872076,0.08969812782058248,0.31676038866232287,0.0,0.0,0.27598048065773156,0.0,0.0,0.0,0.0,0.23898716174064236,0.0,0.0,0.0,0.0,0.0,0.0,0.0
2013-12-27,0.10337084074284413,0.13629184183973486,0.23164284368002275,0.0,0.0,0.2788376277372711,0.03582201883996226,0.0,0.0,0.0,0.21403482716016495,0.0,0.0,0.0,0.0,0.0,0.0,0.0
2014-01-03,0.09429227127965292,0.13292347100425927,0.29659972902459397,0.0,0.0,0.3494986602746154,0.03465438925650017,0.0,0.0,0.0,0.0920314791603783,0.0,0.0,0.0,0.0,0.0,0.0,0.0
2014-01-10,0.07629280015947519,0.11236744001215272,0.2973372672192183,0.0,0.0,0.29190723832764487,0.04249673719646493,0.0,0.0,0.0,0.179598517085044,0.0,0.0,0.0,0.0,0.0,0.0,0.0
2014-01-17,0.04612028809349864,0.10169785388429473,0.27130801121325926,0.0,0.0,0.1386809257259155,0.023322711223584928,0.0,0.24913651967747885,0.0,0.16973369018196816,0.0,0.0,0.0,0.0,0.0,0.0,0.0
2014-01-24,0.07560948660055206,0.17628772975908433,0.29594740401489766,0.0,0.0,0.13762441348699647,0.05227190471166532,0.0,0.0,0.0,0.26225906142680405,0.0,0.0,0.0,0.0,0.0,0.0,0.0
2014-01-31,0.07256409540654458,0.1251720066377929,0.4,0.0,0.0,0.13189313941069222,0.0,0.0,0.0,0.0,0.2703707585449704,0.0,0.0,0.0,0.0,0.0,0.0,0.0
2014-02-07,0.09786866896433859,0.13442434155715602,0.2968661810242508,0.0,0.0,0.13070040977253272,0.0,0.0,0.0,0.0,0.340140398681722,0.0,0.0,0.0,0.0,0.0,0.0,0.0
2014-02-14,0.05164751875423552,0.15215569826719932,0.3077663285097766,0.0,0.0,0.13815150660682227,0.0,0.0,0.0,0.0,0.3502789478619664,0.0,0.0,0.0,0.0,0.0,0.0,0.0
2014-02-21,0.042154053265636066,0.15095808867070712,0.29318238077247266,0.0,0.0,0.12651535754249357,0.0479148982298188,0.0,0.0,0.0,0.33927522151887185,0.0,0.0,0.0,0.0,0.0,0.0,0.0
2014-02-28,0.04718703544675296,0.16962837147745258,0.2588138741494996,0.0,0.0,0.14779903512798956,0.0,0.0,0.0,0.0,0.37657168379830536,0.0,0.0,0.0,0.0,0.0,0.0,0.0
2014-03-07,0.06327272557378855,0.16057752889720495,0.2430617228070171,0.0,0.0,0.18043829519619442,0.0,0.0,0.0,0.0,0.35264972752579504,0.0,0.0,0.0,0.0,0.0,0.0,0.0
2014-03-14,0.04742551140242611,0.13938013343047304,0.3716014380132639,0.0,0.0,0.1125924721518713,0.0,0.0,0.0,0.0,0.3290004450019656,0.0,0.0,0.0,0.0,0.0,0.0,0.0
2014-03-21,0.040085841528447075,0.10847340508421281,0.3435332589795076,0.0,0.1141069762329229,0.09853786743715752,0.0,0.0,0.0,0.0,0.23731014622750146,0.057952504510250635,0.0,0.0,0.0,0.0,0.0,0.0
2014-03-28,0.03131868956905722,0.08855378842248099,0.2526471434140852,0.0,0.2671148477219878,0.12435796016492462,0.0,0.0,0.0,0.0,0.18359120549972172,0.05241636520774254,0.0,0.0,0.0,0.0,0.0,0.0
2014-04-04,0.033702626248968665,0.10588975026566892,0.18456195557406307,0.0,0.1509363625051363,0.06176862465577228,0.06453439135168235,0.06763709406435923,0.12185315571283861,0.0,0.14892951888330497,0.0601865207382055,0.0,0.0,0.0,0.0,0.0,0.0
2014-04-11,0.030066705753771687,0.10119811727803091,0.1706637645728745,0.0,0.09865567796853975,0.12333570130415829,0.07880540232141615,0.0,0.1650560319657368,0.0,0.1542129862935112,0.0780056125419607,0.0,0.0,0.0,0.0,0.0,0.0
2014-04-18,0.03766082793147678,0.05380493995623982,0.12077659209419471,0.0,0.11977618766804973,0.0,0.05962267149909188,0.13461302262030375,0.1315509936346908,0.0,0.07318526600520632,0.08131932213019101,0.0,0.18769017646055522,0.0,0.0,0.0,0.0
2014-04-25,0.025609600042823144,0.051901925619100515,0.10983234749131986,0.0,0.14724821526459275,0.027461589024339286,0.031597157434362366,0.12225630336429648,0.16241867124293574,0.0,0.0,0.0,0.0,0.32167419051622986,0.0,0.0,0.0,0.0
2014-05-02,0.0,0.042043713485593485,0.10062729292275803,0.0,0.2111291645788804,0.0,0.0619252926735296,0.14577489875947588,0.07810625189238701,0.0,0.0,0.0,0.0,0.3144201829023563,0.0,0.0,0.04597320278501912,0.0
2014-05-09,0.0,0.037609812891166154,0.12226087353685978,0.0,0.2888081429584937,0.0,0.08619082506091506,0.057073738832721425,0.0,0.0,0.0,0.0,0.0,0.40805660671984395,0.0,0.0,0.0,0.0
2014-05-16,0.0,0.0380225869834101,0.08456525859945355,0.0,0.3646558228738836,0.0,0.04506073663796192,0.06769559490529072,0.0,0.0,0.0,0.0,0.0,0.40000000000000013,0.0,0.0,0.0,0.0
2014-05-23,0.0,0.054608279924586174,0.0723211842586163,0.0,0.3381297444304339,0.0,0.0707625632452875,0.11001688901039293,0.0,0.0,0.0,0.0,0.0,0.3541613391306832,0.0,0.0,0.0,0.0
2014-05-30,0.0,0.05132849725353016,0.03554971721486171,0.0,0.25046293181091667,0.0,0.08728487511322224,0.11861529545554225,0.0,0.0,0.0,0.0,0.0,0.3554782914622565,0.0,0.0,0.10128039168967046,0.0
2014-06-06,0.0,0.10810468402524166,0.0,0.0,0.3974970934962419,0.0,0.15513336770278405,0.24562810613716568,0.0,0.0,0.0,0.0,0.0,0.0,0.0,0.0,0.09363674863856661,0.0
2014-06-13,0.0,0.1456478619301036,0.0,0.0,0.4,0.0,0.1833365329245034,0.17578687844611002,0.0,0.0,0.0,0.0,0.0,0.0,0.0,0.0,0.09522872669928296,0.0
2014-06-20,0.0,0.186592018719433,0.0,0.0,0.4,0.0,0.16481687154064575,0.2485911097399212,0.0,0.0,0.0,0.0,0.0,0.0,0.0,0.0,0.0,0.0
2014-06-27,0.0,0.15195297142804073,0.21763659995009446,0.0,0.39999999999999997,0.0,0.12664193721495534,0.0,0.0,0.0,0.0,0.0,0.0,0.0,0.0,0.0,0.10376849140690939,0.0
2014-07-04,0.0,0.07794574294995896,0.14735981948080557,0.0,0.35936110004853156,0.0,0.09309741474779587,0.0,0.14171171509244299,0.0,0.0,0.0,0.0,0.0,0.0,0.0,0.18052420768046495,0.0
2014-07-11,0.0,0.07334113157460545,0.15972477339348862,0.0,0.22578040821239423,0.0,0.04021173037386158,0.0,0.20192014825516882,0.0,0.0,0.0905006225811897,0.0,0.0,0.0,0.0,0.20852118560929161,0.0
2014-07-18,0.0,0.10793346088182809,0.11832015432017289,0.0,0.0,0.0,0.0,0.0,0.2038783990775885,0.11238743553578352,0.0,0.1232994830827721,0.07656362661647331,0.0,0.0,0.0,0.25761744048538165,0.0
2014-07-25,0.0,0.05312008242141938,0.07389310515182747,0.0,0.17309798323810416,0.06762862213608889,0.0,0.09467941644119743,0.12329252289372217,0.0,0.0,0.11991920698466034,0.03641503475943564,0.0,0.0,0.06782710365344669,0.1901269223200979,0.0
2014-08-01,0.0,0.028173123737912746,0.05173988348629134,0.0,0.15775932320281666,0.09727405233033522,0.0,0.09188244108414716,0.14183045164904282,0.0,0.03945308940286149,0.1120815469313397,0.05168691343637512,0.0,0.0,0.0,0.2281191747388779,0.0
2014-08-08,0.0,0.06695694996821945,0.11315559574377287,0.0,0.2271909591458643,0.16907024432049111,0.0,0.12933923967919722,0.0,0.0,0.0,0.0,0.0,0.0,0.0,0.0,0.2942870111424551,0.0
2014-08-15,0.0,0.03777602947336228,0.09204956538451721,0.0,0.0,0.15557337451728445,0.0,0.0,0.0,0.0,0.0,0.09259830573469761,0.0,0.3598138702140184,0.0,0.0,0.2621888546761201,0.0
2014-08-22,0.0,0.058303953244718355,0.12996412469708912,0.0,0.0,0.2786049154520408,0.0,0.0,0.24421456955373178,0.0,0.05151578591431968,0.0,0.0,0.0,0.0,0.06169136899161186,0.17570528214648853,0.0
2014-08-29,0.0,0.06926464024391563,0.1020615639538178,0.0,0.0,0.18694541718410365,0.09465682003704445,0.18881354689382784,0.0,0.08976607828765461,0.0,0.0,0.0,0.0,0.0,0.13455559332161673,0.1339363400780193,0.0
2014-09-05,0.0,0.04296673489690483,0.0380692534908842,0.0,0.0,0.1082434011966092,0.0612890612810913,0.1138151725484929,0.0,0.07782403736410773,0.0,0.0,0.0,0.4,0.0,0.08713319408389535,0.07065914513801455,0.0
2014-09-12,0.0,0.045219733348415954,0.09732501360516953,0.0,0.0,0.07353336170325424,0.06289419909335464,0.06295143806462684,0.16258052860477704,0.08480463376542363,0.0,0.0,0.0,0.3412915270524868,0.0,0.06939956476249126,0.0,0.0
2014-09-19,0.0,0.047277628360369896,0.0,0.0,0.0,0.037929350932597736,0.07063851544222487,0.10662747604206746,0.20219141289003864,0.0,0.0,0.0,0.0,0.39529072717241076,0.0,0.12827170709131727,0.0,0.0
2014-09-26,0.0,0.053652557989586215,0.0916842739741277,0.0,0.0,0.0,0.0447750889787965,0.15481146133902882,0.20860570593843417,0.0,0.0,0.0,0.0,0.27148417398106284,0.0,0.17498673779896376,0.0,0.0
2014-10-03,0.035684977408189315,0.060650567821930346,0.06112029690239231,0.0,0.0,0.0,0.04705392195531531,0.26394577114951984,0.0,0.13028786226959713,0.0,0.0,0.0,0.3991622650046296,0.0,0.0,0.0,0.0
2014-10-10,0.05812475100078728,0.07648134439598535,0.08309340140479363,0.06263500577965389,0.22599276787159547,0.15424267796035254,0.0,0.13745311664106025,0.0,0.14130807707933538,0.06066885786643619,0.0,0.0,0.0,0.0,0.0,0.0,0.0
2014-10-17,0.07166857195871858,0.09505070888867324,0.0,0.07207576353066515,0.11205302682055901,0.2958656664593638,0.0,0.13432192695015613,0.0,0.16722550051178528,0.05173883488007888,0.0,0.0,0.0,0.0,0.0,0.0,0.0
2014-10-24,0.0,0.10893338808244514,0.0,0.0,0.0,0.2621370746728414,0.0,0.3010322131535721,0.0,0.10628636663914792,0.053358526882401315,0.0,0.16825243056959216,0.0,0.0,0.0,0.0,0.0
2014-10-31,0.056442797796474486,0.17254177798442188,0.0,0.0,0.0,0.25397005836995645,0.0,0.35939309769617783,0.0,0.0,0.15765226815296934,0.0,0.0,0.0,0.0,0.0,0.0,0.0
2014-11-07,0.0,0.22736142076040877,0.0,0.0,0.0,0.4,0.0,0.0,0.0,0.20613729932697902,0.16650127991261224,0.0,0.0,0.0,0.0,0.0,0.0,0.0
2014-11-14,0.1437654940167082,0.1664481290159047,0.0,0.0,0.0,0.4,0.0,0.0,0.0,0.0,0.2897863769673871,0.0,0.0,0.0,0.0,0.0,0.0,0.0
2014-11-21,0.0,0.14936602614533778,0.0,0.0,0.0,0.4000000000000001,0.16879463901527483,0.0,0.0,0.19298554798948458,0.0,0.0,0.0,0.0,0.0,0.0,0.0888537868499028,0.0
2014-11-28,0.0,0.15556337813396742,0.0,0.0,0.0,0.3022626877276373,0.17240302547237177,0.0,0.0,0.3697709086660235,0.0,0.0,0.0,0.0,0.0,0.0,0.0,0.0
2014-12-05,0.0,0.11941733400605337,0.0,0.0,0.0,0.33624413317919627,0.0,0.3309629431041516,0.0,0.0,0.0,0.0,0.0,0.0,0.0,0.0,0.21337558971059878,0.0
2014-12-12,0.04291203552068493,0.05947620088197426,0.0,0.08443150686905887,0.0,0.09890883111136739,0.0,0.24744888576810348,0.0,0.18386110981958784,0.0,0.07330302695912431,0.0,0.0,0.0,0.0,0.20965840307009898,0.0
2014-12-19,0.0,0.09352610896553626,0.0,0.0,0.0,0.18168726404035968,0.0,0.0,0.0,0.0,0.0,0.19113519398737114,0.0,0.0,0.22154143469305895,0.12674988300203294,0.18536011531164107,0.0
2014-12-26,0.0,0.038423746537527545,0.0,0.0,0.0,0.109494809650616,0.0,0.09877938491875866,0.11344129687216803,0.10613400476114045,0.0,0.1185077581400938,0.0,0.0,0.17126913671394853,0.05963035278339656,0.18431950962235044,0.0
2015-01-02,0.0,0.03521062144721515,0.0,0.0,0.0,0.07269090583305857,0.0,0.09390499631650447,0.12329674355921795,0.1082483104125394,0.0,0.12207740627721311,0.0,0.0,0.22218376632333042,0.05149436970699178,0.17089288012392914,0.0
2015-01-09,0.0,0.05923303345869454,0.06453238164596863,0.0,0.0,0.0,0.04467347457899067,0.0,0.1515611091834783,0.0,0.0,0.11535834858994516,0.0,0.0,0.2965521354218006,0.08525120652956028,0.18283831059156183,0.0
2015-01-16,0.0,0.0,0.0,0.0,0.21194610748664494,0.0,0.0,0.0,0.07480277571367139,0.06307802271117068,0.08395160666524089,0.04008578875406342,0.0,0.15704716341662256,0.21639081936049456,0.07688872742994617,0.0758089884621455,0.0
2015-01-23,0.04247471782127681,0.07831240566693459,0.0,0.0,0.0,0.09231995549766431,0.0,0.0,0.0,0.23754005972812683,0.276290165447636,0.0,0.0,0.0,0.0,0.0,0.27306269583836135,0.0
2015-01-30,0.0,0.041455410462823215,0.0,0.0,0.0,0.11337432129067877,0.04363076142903699,0.0,0.0,0.2857098692460903,0.20514765555577458,0.0,0.0,0.0,0.0,0.0,0.3106819820155961,0.0
2015-02-06,0.0,0.0,0.0,0.0,0.0,0.2573767443259138,0.0527751146272722,0.0,0.0,0.28984814104681406,0.0,0.0,0.0,0.0,0.0,0.0,0.4,0.0
2015-02-13,0.0,0.034937885584441386,0.0,0.10168799755161079,0.14450967739574752,0.16274009984385765,0.08258957692904585,0.0,0.0,0.13796085088827187,0.0,0.0,0.0,0.0,0.0,0.0,0.335573911807025,0.0
2015-02-20,0.07002550442939327,0.0,0.0,0.0,0.0,0.22586121388701935,0.0,0.0,0.11836101468690627,0.16421191108441624,0.0,0.0,0.0,0.0,0.18483337852010795,0.0,0.23670697739215688,0.0
2015-02-27,0.08197272304074428,0.08633679961212304,0.07100212268609747,0.0,0.0,0.17881760508176694,0.0,0.0,0.17437618497866347,0.13686844541950074,0.0,0.0,0.0,0.0,0.0,0.0,0.27062611918110413,0.0
2015-03-06,0.0,0.030943085867797874,0.0,0.0,0.0,0.08772302676696847,0.0,0.0,0.10125600802994035,0.07504654057557737,0.0,0.07777823068112863,0.0,0.39035582170294064,0.0,0.0,0.21823927803647825,0.0
2015-03-13,0.0,0.09341287146747923,0.0,0.0,0.0,0.38169061494339535,0.0,0.19936392936275613,0.0,0.0,0.0,0.0,0.0,0.0,0.0,0.20842487005119592,0.11710771417517335,0.0
2015-03-20,0.0,0.029463429091440296,0.0,0.0,0.0,0.1935412942132812,0.0,0.10028494990219931,0.0,0.0,0.10155652527382956,0.0,0.0,0.3692815201379676,0.0,0.12235665418878501,0.08351562719249717,0.0
2015-03-27,0.04460116592461513,0.0,0.0,0.0,0.0,0.30619079241854696,0.0,0.0,0.0,0.07828860814224671,0.0,0.0,0.0,0.39999999999999997,0.0,0.0,0.17091943351459124,0.0
2015-04-03,0.05401924201534798,0.0,0.08037223223623956,0.0,0.0,0.37382135406765327,0.0,0.0,0.1714288516300021,0.0,0.0,0.0,0.0,0.0,0.07132593109888472,0.0,0.24903238895187227,0.0
2015-04-10,0.09293093783801042,0.0,0.0,0.0,0.0,0.3999999999999999,0.0,0.0,0.0,0.0,0.0,0.0,0.0,0.0,0.12582949372247845,0.0,0.38123956843951107,0.0
2015-04-17,0.04189542412947801,0.0,0.0,0.0,0.0,0.18379777355295587,0.0,0.0,0.0,0.0,0.05225917420515105,0.11100652931877268,0.0,0.2751647609063012,0.33587633788734117,0.0,0.0,0.0
2015-04-24,0.2903752269939302,0.0,0.0,0.0,0.0,0.4,0.0,0.0,0.0,0.0,0.30962477300606983,0.0,0.0,0.0,0.0,0.0,0.0,0.0
2015-05-01,0.029810105783970562,0.0,0.18321168456361778,0.0,0.0,0.2009015245984027,0.0,0.0,0.0,0.0,0.0632177153432804,0.0,0.0,0.2865683272766839,0.23629064243404455,0.0,0.0,0.0
2015-05-08,0.043110302479559305,0.0,0.0,0.0,0.0,0.32944937277997605,0.0,0.0,0.0,0.0,0.0,0.0,0.0,0.31645919864873673,0.31098112609172796,0.0,0.0,0.0
2015-05-15,0.04617670953310944,0.0,0.0,0.0,0.0,0.3839249976063761,0.0,0.0,0.0,0.0,0.083242741608999,0.0,0.0,0.0,0.3382470578342988,0.0,0.0,0.1484084934172166
2015-05-22,0.03524347640175088,0.0,0.12570976228723696,0.0,0.0,0.2210992537935837,0.0,0.0,0.0,0.0,0.0,0.0,0.0,0.27507219916532616,0.2388000116765972,0.0,0.0,0.10407529667550507
2015-05-29,0.03520496919631709,0.0,0.09876255636456073,0.0,0.0,0.1924171636022023,0.0,0.0,0.0,0.0,0.08512533919393575,0.0,0.0,0.3411771662497572,0.16684214298108124,0.0,0.0,0.08047066241214564
2015-06-05,0.029600733241816887,0.0,0.0502630958621767,0.06291467500600917,0.0,0.14305392960893198,0.0,0.0,0.06200803335736746,0.0,0.04417937455410923,0.05437417700037779,0.0,0.2721989630566184,0.2348294833970954,0.0,0.0,0.046577534915496877
2015-06-12,0.041225066990550674,0.034882764621724384,0.058236933797819156,0.0,0.0,0.12691811485225707,0.0,0.0,0.0,0.0,0.046493913727142046,0.09804615301741272,0.0,0.314936714842236,0.27926033815085805,0.0,0.0,0.0
2015-06-19,0.0337256682081551,0.03479292018208539,0.0792798902949575,0.0,0.0,0.1283123360995234,0.0,0.0,0.0,0.0,0.052209489497640954,0.10124488877837898,0.0,0.3051793301081142,0.26525547683114464,0.0,0.0,0.0
2015-06-26,0.029276069417392764,0.028835715046722162,0.0875097947163273,0.0,0.0,0.12256800567679703,0.0,0.0,0.0,0.0,0.07260003553021938,0.0,0.0,0.3534047808630235,0.30580559874951774,0.0,0.0,0.0
2015-07-03,0.038231392147605965,0.02607339026433352,0.08585207470682953,0.0,0.0,0.10218542170503256,0.0,0.0,0.10954392739038372,0.0,0.07144586424465016,0.0,0.0,0.2388602228528595,0.24069950140319335,0.08710820528511173,0.0,0.0
2015-07-10,0.029283254264472345,0.0,0.07691314953565068,0.0,0.0,0.10686110297506515,0.0,0.0,0.1229384908453188,0.07926009298037327,0.04382253228310721,0.09118259371754166,0.0,0.11936798889139366,0.23709579587163926,0.09327499863543803,0.0,0.0
2015-07-17,0.02804801870420915,0.0,0.10754004084351847,0.0,0.0,0.10199819420586966,0.0,0.10657425636837005,0.10734067750203474,0.0790841419512217,0.03745177890201355,0.0,0.0,0.08951502514065235,0.2576013087854556,0.08484655759665474,0.0,0.0
2015-07-24,0.02297708595609611,0.0,0.08706097225455652,0.0,0.0,0.10848711212385996,0.0,0.09988367783981808,0.09041982278661265,0.09165553712365983,0.02731257441986281,0.11121631384337008,0.0,0.06043960252185911,0.22261165263429844,0.07793564849600655,0.0,0.0
2015-07-31,0.0334501042328092,0.0,0.17743610876185062,0.0,0.0,0.12010216292970328,0.0,0.0,0.0,0.13430943162437098,0.048711945525527184,0.0,0.0,0.06183941751596078,0.34829296048435415,0.07585786892542387,0.0,0.0
2015-08-07,0.19999999999999998,0.0,0.4,0.0,0.0,0.4,0.0,0.0,0.0,0.0,0.0,0.0,0.0,0.0,0.0,0.0,0.0,0.0
2015-08-14,0.04679854985843683,0.027866686213170327,0.24809380916753726,0.0,0.0,0.26141960940765935,0.0,0.0,0.0,0.11839758052330658,0.054628200801680446,0.0,0.0,0.0,0.24279556402820918,0.0,0.0,0.0
2015-08-21,0.060620727662214186,0.0,0.3992421285996042,0.0,0.0,0.31496821137870085,0.0,0.0,0.0,0.22516893235948077,0.0,0.0,0.0,0.0,0.0,0.0,0.0,0.0
2015-08-28,0.0694413401222098,0.0,0.24848670293555258,0.0,0.0,0.32071484490072294,0.0,0.0,0.0,0.21472214096671444,0.0,0.0,0.0,0.0,0.1466349710748003,0.0,0.0,0.0
2015-09-04,0.07123177027373719,0.0,0.4000000000000001,0.0,0.0,0.2641056757371401,0.0,0.0,0.0,0.2646625539891226,0.0,0.0,0.0,0.0,0.0,0.0,0.0,0.0
2015-09-11,0.05413186567862356,0.0,0.36165829430683716,0.17287454398224833,0.0,0.1858223734730866,0.0,0.0,0.0,0.22551292255920447,0.0,0.0,0.0,0.0,0.0,0.0,0.0,0.0
2015-09-18,0.03950859663641192,0.0,0.31090653429334997,0.12796203162734762,0.08722056184516541,0.19363529233232396,0.0,0.09232936322541915,0.0,0.14843762003998195,0.0,0.0,0.0,0.0,0.0,0.0,0.0,0.0
2015-09-25,0.07938577741440325,0.0,0.4,0.0,0.0,0.3063883298961169,0.0,0.0,0.0,0.2142258926894798,0.0,0.0,0.0,0.0,0.0,0.0,0.0,0.0
2015-10-02,0.1250465558556997,0.0,0.4,0.0,0.0,0.21770602439192357,0.0,0.0,0.0,0.2572474197523767,0.0,0.0,0.0,0.0,0.0,0.0,0.0,0.0
2015-10-09,0.040915747083088996,0.02730639893027796,0.2621099833831784,0.0,0.0,0.11789283947168885,0.0,0.09993870458719148,0.20851736239336544,0.12411379991149832,0.0,0.0,0.0,0.0,0.0,0.11920516423971046,0.0,0.0
2015-10-16,0.09679242271921894,0.05640230274346812,0.35586161441989944,0.0,0.0,0.3451549282275593,0.0,0.0,0.0,0.14578873188985422,0.0,0.0,0.0,0.0,0.0,0.0,0.0,0.0
2015-10-23,0.03854657595163616,0.0,0.18672015919870397,0.0753485669179953,0.0,0.1272366934208345,0.0,0.0,0.1925837862900411,0.1586307052350214,0.0,0.0,0.0,0.0,0.09899810442426296,0.0,0.12193540856150457,0.0
2015-10-30,0.029914293002136057,0.0,0.1571785781666335,0.09651888136748418,0.032447425850944504,0.02699613451757324,0.0,0.08942581826315359,0.14351663952160953,0.14608664470354987,0.0,0.07910697460581545,0.0,0.0,0.10473629518866423,0.09407231481243598,0.0,0.0
2015-11-06,0.028627136907188884,0.0,0.23522915891593962,0.09488577708796722,0.04392376626109485,0.07878642104037235,0.0,0.0,0.16814557120362278,0.09185966899855197,0.054158653797239845,0.05958299517028666,0.0,0.0,0.03930142765292041,0.10549942296481553,0.0,0.0
2015-11-13,0.030110658693263972,0.0,0.22053051005512173,0.0,0.0,0.02338657376978728,0.0,0.09446944168968498,0.17767829884457623,0.06121082128288367,0.05585188218069283,0.06747621676267479,0.0,0.0,0.0457119223161638,0.10841366861475962,0.05836271372367133,0.05679729206671979
2015-11-20,0.045368941713566424,0.034284297233235436,0.3123883977312658,0.0,0.2157855270171741,0.03029758697762604,0.0,0.10993982149849806,0.0999478231906157,0.04876037099276197,0.0,0.0,0.0,0.0,0.0,0.10322723364525657,0.0,0.0
2015-11-27,0.061228849677282406,0.037762318436985555,0.27968415551274756,0.0,0.3684589806755377,0.03201553239061744,0.0,0.1395855651473455,0.0,0.0,0.08126459815948395,0.0,0.0,0.0,0.0,0.0,0.0,0.0
2015-12-04,0.06530900381372663,0.0468702058315709,0.4,0.0,0.33121603035309893,0.0376035429239707,0.0,0.11900121707763289,0.0,0.0,0.0,0.0,0.0,0.0,0.0,0.0,0.0,0.0
2015-12-11,0.06501013838136714,0.047057655317266335,0.326530841760849,0.0,0.3623964920492373,0.07052488261667539,0.0,0.0,0.0,0.12847998987460496,0.0,0.0,0.0,0.0,0.0,0.0,0.0,0.0
2015-12-18,0.07481317665658557,0.04449735614848413,0.32692165078652946,0.0,0.3688485965146145,0.07516666556888443,0.0,0.0,0.0,0.10975255432490191,0.0,0.0,0.0,0.0,0.0,0.0,0.0,0.0
2015-12-25,0.06546967755090968,0.04351137463709927,0.23612071406215437,0.09783755662185087,0.3530793398574689,0.10875506850266077,0.0,0.0,0.0,0.0,0.05336573226481244,0.0,0.0,0.0,0.04186053650304371,0.0,0.0,0.0
2016-01-01,0.05712911282789331,0.045736141277182146,0.30048550321533324,0.09003770336414599,0.33202013426717625,0.11839347807095356,0.0,0.0,0.0,0.0,0.056197926977315495,0.0,0.0,0.0,0.0,0.0,0.0,0.0
2016-01-08,0.04424727070706758,0.047945399649175165,0.20598014953679772,0.0,0.29000412128113545,0.04651144453008618,0.0,0.04926303817236266,0.0,0.12220078476764036,0.0,0.0,0.0,0.1384345372487377,0.0,0.05541325410699725,0.0,0.0
2016-01-15,0.04778481572160948,0.06394915829820516,0.259142622561423,0.0,0.3922335053503494,0.05664782517175567,0.0,0.0489504346304404,0.0,0.1312916382662169,0.0,0.0,0.0,0.0,0.0,0.0,0.0,0.0
2016-01-22,0.05464146994652413,0.034834033992347,0.3325593391399257,0.0,0.3890869244950311,0.05206969491299987,0.0,0.07839129224786001,0.0,0.0,0.0,0.0,0.0,0.0,0.0,0.0,0.0,0.05841724526531223
2016-01-29,0.04226673248114662,0.0,0.2761374866522587,0.0,0.2734959465363842,0.06495975528697881,0.0,0.07467138764809789,0.05892004164221552,0.08069770018986153,0.0,0.0,0.0,0.0,0.0739603674377413,0.0,0.0,0.054890582125315356
2016-02-05,0.0620882128410145,0.02274101946977405,0.2944391155706253,0.0,0.27773703050705884,0.05034205051858753,0.0,0.05679232791142259,0.04662639111392293,0.11062203207600288,0.0,0.0,0.0,0.0,0.02861046143130748,0.0,0.0,0.05000135856028387
2016-02-12,0.051462124905196055,0.02392425713467704,0.2820345680071777,0.0,0.2668021113195382,0.04828353041513035,0.0,0.0598758507685825,0.07618779349973222,0.07574349432929613,0.0,0.0,0.0,0.0,0.05333285585466664,0.0,0.0,0.06235341376600318
2016-02-19,0.04280686717410898,0.026190075828416197,0.24709199590164246,0.0,0.23317875273538738,0.04638963740554793,0.0,0.06968919559198467,0.07729781371135223,0.07205275099649032,0.0,0.0,0.0,0.0,0.08880294343717705,0.035908030595956,0.0,0.06059193662193687
2016-02-26,0.03260220872126184,0.0,0.24260723243233934,0.0,0.1984488408243101,0.03185491290531506,0.0,0.0716920456176761,0.12392824450554253,0.11307831434859839,0.0,0.0,0.0,0.0,0.07765767765066643,0.05997524282790062,0.0,0.048155280166389446
2016-03-04,0.03150378158434599,0.0,0.19471480251178805,0.0,0.15816940957048792,0.022813706241577084,0.0,0.09912003170120658,0.12132580499124661,0.05807785314419131,0.0,0.06159634669003268,0.0,0.0,0.13601787340813518,0.08265502581069972,0.0,0.03400536434628875
2016-03-11,0.038718814520338936,0.0,0.24280091562201572,0.0,0.20426273702963063,0.0,0.0,0.048042372089709615,0.09307156682072687,0.0,0.0,0.09267986733103029,0.0485172367887244,0.0,0.11516434144669199,0.07144025242017589,0.0,0.04530189593095566
2016-03-18,0.03623744030081212,0.023749784104228757,0.12471179378302069,0.0,0.2038666574402312,0.02820991289463278,0.0,0.09246676656115915,0.14801735297356633,0.0,0.0,0.0,0.09184386674775588,0.0,0.08984673166127594,0.10379802078311418,0.0,0.057251672750202966
2016-03-25,0.03837024470818162,0.024476781991272834,0.1515960607353083,0.0,0.2350452696124112,0.04383827266784294,0.0,0.10176329742819314,0.13841687559263857,0.0,0.0,0.08181409026364157,0.0,0.0,0.07540355086247945,0.05825645170391481,0.0,0.0510191044341154
2016-04-01,0.03260703355922525,0.0,0.1274600930226998,0.0,0.201021063240503,0.03681214143309162,0.0,0.10776355054241407,0.09655809581359417,0.08102786224956386,0.0,0.0,0.08289875253312827,0.0,0.12057109591905799,0.06572422816874554,0.0,0.04755608351797647
2016-04-08,0.031383229890741,0.02074478015397085,0.11616163751394998,0.0,0.20054422267349653,0.028887894330638254,0.0,0.13137366277113277,0.08927298308505142,0.07992248456674529,0.0,0.0,0.09869048718210648,0.0,0.09763047570842734,0.0682384351158268,0.0,0.037149707007913015
2016-04-15,0.032021498494129635,0.02017366377866067,0.1401735450116376,0.0,0.16169190483806237,0.02184934559545779,0.0,0.11760362229740078,0.09541604619660446,0.07639542727310014,0.028692954520722715,0.0,0.09208499500317836,0.0,0.10022709793324353,0.07586991696389714,0.0,0.03779998209390487
2016-04-22,0.059422503816104304,0.023838011561956935,0.23690822401067904,0.0,0.4,0.04607844443808659,0.0,0.0,0.0,0.17438083364845203,0.0,0.0,0.0,0.0,0.0,0.0,0.059371982524721006,0.0
2016-04-29,0.07944162276058896,0.034346105221011336,0.1818771153400987,0.09574790098740385,0.39999999999999997,0.05731328363589399,0.020923852664009136,0.0,0.0,0.13035011939099395,0.0,0.0,0.0,0.0,0.0,0.0,0.0,0.0
2016-05-06,0.049290612707965885,0.036384280283447014,0.1816490936614145,0.0,0.3986476391091104,0.05713643719713392,0.022932137072368887,0.11219024807381191,0.14176955189474752,0.0,0.0,0.0,0.0,0.0,0.0,0.0,0.0,0.0
2016-05-13,0.04220133954143734,0.044730138163576044,0.26741329062868946,0.0,0.2967689246726634,0.05855469933764198,0.0,0.15557319780087359,0.1347584098551182,0.0,0.0,0.0,0.0,0.0,0.0,0.0,0.0,0.0
2016-05-20,0.0625168000497802,0.0647385175927332,0.22445658174412886,0.0,0.28593278607937106,0.07114479986438067,0.0,0.08324859415346611,0.20796192051613985,0.0,0.0,0.0,0.0,0.0,0.0,0.0,0.0,0.0
2016-05-27,0.03042846729374079,0.045213948640829456,0.158476433558821,0.0,0.16477267825192593,0.08427280791713895,0.0,0.09486549848019192,0.1352687738073096,0.0,0.0,0.0,0.0,0.0,0.1934694459209747,0.09323194612906781,0.0,0.0
2016-06-03,0.0,0.03809790635756592,0.13472564628663664,0.0,0.12722120229555473,0.06392053513794212,0.0,0.10614967784753099,0.11355759229135062,0.0,0.0,0.0,0.09834999926760896,0.0,0.16832040833145148,0.07240504815976842,0.07725198402459012,0.0
2016-06-10,0.0,0.03600425138257608,0.1114081215683914,0.0,0.17893093285917636,0.03346247885519751,0.0,0.10902462156032387,0.09693175905452553,0.06404451166426267,0.0,0.07395185066867925,0.0,0.0,0.1498635406124149,0.07775486553596081,0.06862306623849147,0.0
2016-06-17,0.03856593937024611,0.06640822724940458,0.1524495189935574,0.0,0.10937592601923478,0.06954995745650099,0.0,0.09239460528087767,0.13996987192792454,0.0,0.0,0.0,0.09334497082302065,0.0,0.23794098287923332,0.0,0.0,0.0
2016-06-24,0.05802967105007049,0.13672469914937604,0.20647355828380312,0.0,0.1344720445609788,0.1275850392924383,0.0,0.09232467427440257,0.15741960072509986,0.0,0.0,0.0,0.0,0.0,0.0,0.0,0.08697071266383073,0.0
2016-07-01,0.05189791615895715,0.10572762297872947,0.23403513228149475,0.0,0.2056067933806517,0.09457917403449817,0.0,0.09158285127078203,0.11671819886012541,0.0,0.0,0.0,0.09985231103476135,0.0,0.0,0.0,0.0,0.0
2016-07-08,0.04897124127808758,0.1115545491108178,0.320013684637038,0.0,0.2371154281032484,0.12247675462545365,0.0,0.0,0.08721666086818168,0.0,0.0,0.0,0.07265168137717296,0.0,0.0,0.0,0.0,0.0
2016-07-15,0.05051206324722372,0.10582447268952286,0.21108487690413608,0.0,0.31112046292497747,0.13431611970197693,0.0,0.0,0.0,0.0,0.028525457677865053,0.0,0.0,0.0,0.1586165468542979,0.0,0.0,0.0
2016-07-22,0.07321972759062992,0.1884637574744101,0.2206015986678776,0.0,0.2997168220005128,0.2179980942665696,0.0,0.0,0.0,0.0,0.0,0.0,0.0,0.0,0.0,0.0,0.0,0.0
2016-07-29,0.06441883278750342,0.11415233822110522,0.2802222074140954,0.0,0.3135075036087257,0.1427068069137104,0.0,0.0,0.08499231105485985,0.0,0.0,0.0,0.0,0.0,0.0,0.0,0.0,0.0
2016-08-05,0.06256715542067474,0.12057400289649732,0.1933873308873544,0.0,0.4000000000000001,0.16350978777047445,0.0,0.0,0.0,0.0,0.05996172302499898,0.0,0.0,0.0,0.0,0.0,0.0,0.0
2016-08-12,0.053827572003014974,0.1277060351324097,0.2201407863380253,0.0,0.4000000000000001,0.15937459504578955,0.0,0.0,0.0,0.0,0.038951011480760474,0.0,0.0,0.0,0.0,0.0,0.0,0.0
2016-08-19,0.038685730408343784,0.12218799137239178,0.20416080141854717,0.0,0.4,0.16572300556459996,0.02211584196214334,0.0,0.0,0.0,0.047126629273973916,0.0,0.0,0.0,0.0,0.0,0.0,0.0
2016-08-26,0.05741864338709584,0.11298587793650336,0.24031184954248455,0.0,0.4000000000000001,0.1371696805604854,0.0,0.0,0.0,0.0,0.05211394857343087,0.0,0.0,0.0,0.0,0.0,0.0,0.0
2016-09-02,0.048454803095725536,0.14910445895192287,0.2567766868197339,0.0,0.4,0.10981691476601482,0.0,0.0,0.0,0.0,0.03584713636660274,0.0,0.0,0.0,0.0,0.0,0.0,0.0
2016-09-09,0.061759708684947325,0.20735123486775492,0.23782552923448688,0.0,0.2647218109464325,0.22834171626637845,0.0,0.0,0.0,0.0,0.0,0.0,0.0,0.0,0.0,0.0,0.0,0.0
2016-09-16,0.04701863037221544,0.18304506900628423,0.28524071736629186,0.0,0.08181290620842593,0.24252683442725737,0.0,0.0,0.16035584261952526,0.0,0.0,0.0,0.0,0.0,0.0,0.0,0.0,0.0
2016-09-23,0.03761218927988796,0.15493354125051123,0.28712220979358266,0.0,0.13885466350643735,0.1899493678155814,0.0,0.0,0.0,0.0,0.0,0.0,0.0,0.0,0.1915280283539994,0.0,0.0,0.0
2016-09-30,0.025572352364188485,0.13547085925920144,0.31435992880990765,0.0,0.17028677249931443,0.13402399188464847,0.0,0.0,0.0,0.0,0.0,0.04200690883563181,0.0,0.0,0.1782791863471077,0.0,0.0,0.0
2016-10-07,0.06155931997108344,0.10583829748209066,0.3271759663535339,0.0,0.20825804948055995,0.29716836671273206,0.0,0.0,0.0,0.0,0.0,0.0,0.0,0.0,0.0,0.0,0.0,0.0
2016-10-14,0.057795516946956844,0.07864868099604784,0.2980843157910208,0.0,0.12123543710482254,0.12751123640931333,0.0,0.0,0.0,0.0,0.05154251437380749,0.09044608447535625,0.0,0.0,0.17473621390267494,0.0,0.0,0.0
2016-10-21,0.08144473712966115,0.09102674862731709,0.360458895436931,0.0,0.0,0.15856687601614938,0.0,0.0,0.0,0.0,0.051566655456202544,0.0,0.0,0.2569360873337388,0.0,0.0,0.0,0.0
2016-10-28,0.038778018538964606,0.05172508568780998,0.2576868942964114,0.0,0.0,0.10970507692443254,0.0,0.07734968620916821,0.14655214199012156,0.0,0.0,0.11382139772921904,0.0,0.0,0.11939416670507362,0.0,0.08498753191879906,0.0
2016-11-04,0.05190849431144744,0.09254283892882093,0.2697369515034225,0.0,0.0,0.0825111202915175,0.0,0.09888329711003842,0.12550828315531862,0.0,0.0,0.09911878823294135,0.0,0.0,0.17979022646649345,0.0,0.0,0.0
2016-11-11,0.12662773427103777,0.1820279372339771,0.4,0.0,0.0,0.2913443284949851,0.0,0.0,0.0,0.0,0.0,0.0,0.0,0.0,0.0,0.0,0.0,0.0
2016-11-18,0.059742988687626696,0.0485473774414936,0.2689562038348597,0.0,0.0,0.11348784143539,0.0,0.0,0.18129658645825197,0.0,0.0,0.15167006968114843,0.0,0.0,0.17629893246122963,0.0,0.0,0.0
2016-11-25,0.04712235668223562,0.09425550231764249,0.4000000000000001,0.0,0.0,0.163987173546056,0.0,0.0,0.29463496745406587,0.0,0.0,0.0,0.0,0.0,0.0,0.0,0.0,0.0
2016-12-02,0.031229607252796197,0.06193298131484918,0.20481899873913953,0.0,0.0,0.1363514800564316,0.0,0.0,0.22500367533165064,0.0,0.0,0.1354484066754234,0.0,0.20521485062970948,0.0,0.0,0.0,0.0
2016-12-09,0.0,0.07218003067719472,0.2012529061286983,0.0,0.0,0.17427396822743438,0.08278690993798832,0.0,0.2535970375031495,0.0,0.0,0.2159091475255347,0.0,0.0,0.0,0.0,0.0,0.0
2016-12-16,0.039544935767919745,0.04174886695463426,0.11770546864297161,0.0,0.0,0.2445286167479274,0.038101934799265776,0.13400282855759008,0.2826917253674019,0.0,0.0,0.0,0.10167562316228945,0.0,0.0,0.0,0.0,0.0
2016-12-23,0.02011871726525881,0.02826467256150762,0.1200213506504115,0.0,0.0,0.1817473559468365,0.0,0.11232271323722368,0.22451891395421844,0.0,0.0,0.08399608976610269,0.14195310394988303,0.0,0.0,0.0,0.0870570826685577,0.0
2016-12-30,0.025113440152268848,0.034241995414981484,0.11514532482733938,0.0,0.0,0.1920548349629987,0.0,0.13670335865226715,0.17573608869442278,0.0,0.0,0.10272350177220892,0.12512201166077402,0.0,0.0,0.0,0.0931594438627388,0.0
2017-01-06,0.0,0.02085610574026109,0.15786678386748765,0.0,0.0,0.1669554410517006,0.0,0.11209105491141809,0.13694056200689766,0.060000927924311595,0.0,0.11247122827008478,0.0983410931459427,0.0,0.0,0.06713141684573855,0.06734538623615743,0.0
2017-01-13,0.0,0.02187640182196302,0.10313556747917448,0.0,0.0,0.21669905616205215,0.0,0.13677827272482784,0.15591899893326397,0.0,0.0,0.10569856480580113,0.12334907119814179,0.0,0.0,0.0662812672878401,0.07026279958693532,0.0
2017-01-20,0.0,0.0607594151116395,0.1400583434042925,0.0,0.0,0.24676929195906677,0.0,0.16556709776619943,0.149410354993027,0.0,0.0,0.06997190472861488,0.10838171311226623,0.0,0.0,0.0,0.0590818789248936,0.0
2017-01-27,0.0,0.045581058971881035,0.17730694259060079,0.0,0.0,0.2812341776354688,0.0,0.16236980431429948,0.100841527915294,0.0,0.0,0.0,0.14293167539778817,0.0,0.0,0.0,0.08973481317466783,0.0
2017-02-03,0.03476229859544383,0.06490711862556445,0.20698546103357407,0.0,0.0,0.3902143676050679,0.0,0.09804381530289118,0.0,0.0,0.0,0.0,0.0914928775050927,0.0,0.0,0.0,0.1135940613323658,0.0
2017-02-10,0.03320814011134294,0.05002362120605649,0.2727493751016497,0.0,0.0,0.4,0.0,0.12985057471453373,0.0,0.0,0.0,0.0,0.0,0.0,0.0,0.0,0.11416828886641711,0.0
2017-02-17,0.038712373206748196,0.06052991339811347,0.2971762377929031,0.0,0.0,0.24459909416035358,0.0,0.13395971948673627,0.12046711594838103,0.0,0.0,0.0,0.0,0.0,0.0,0.0,0.1045555460067644,0.0
2017-02-24,0.03471236863297002,0.09976189586641503,0.247100097010527,0.0,0.0,0.3054316879978238,0.0,0.07497317536200773,0.0,0.0,0.0,0.0,0.0,0.0,0.0,0.12757019102597944,0.11045058410427709,0.0
2017-03-03,0.04006096460398904,0.09520245034227919,0.30523870425444855,0.0,0.0,0.3169079226309728,0.0,0.09254364744511592,0.0,0.0,0.0,0.0,0.0,0.0,0.0,0.0,0.15004631072319444,0.0
2017-03-10,0.04081165313055984,0.0979791527887507,0.32395059203274423,0.0,0.0,0.2877709522796415,0.0,0.09104772792271384,0.0,0.0,0.0,0.0,0.0,0.0,0.0,0.0,0.1009570676447168,0.05748285420087319
2017-03-17,0.03173189347210658,0.10167028155995841,0.37105460367949245,0.0,0.0,0.23851330461005715,0.0,0.09464382892969983,0.0,0.0,0.0,0.0,0.0,0.0,0.0,0.0,0.10766864768156831,0.054717440067117304
2017-03-24,0.06838500433360174,0.13250493140726388,0.4,0.0,0.0,0.39911006425913437,0.0,0.0,0.0,0.0,0.0,0.0,0.0,0.0,0.0,0.0,0.0,0.0
2017-03-31,0.0410441115056695,0.05127931887714614,0.30381425172877163,0.0,0.05856980035499458,0.21788647946443712,0.0,0.06202456427645544,0.0,0.0,0.0,0.0,0.0,0.0,0.0,0.07285285517155177,0.10971586237016656,0.08281275625080727
2017-04-07,0.08573997681617754,0.09122524712464182,0.39999999999999997,0.12800892234592315,0.0,0.29502585371325735,0.0,0.0,0.0,0.0,0.0,0.0,0.0,0.0,0.0,0.0,0.0,0.0
2017-04-14,0.10848187902177404,0.04123611134270602,0.4,0.13355838958193303,0.0,0.31672362005358684,0.0,0.0,0.0,0.0,0.0,0.0,0.0,0.0,0.0,0.0,0.0,0.0
2017-04-21,0.09283688384773939,0.0,0.3865791464890397,0.14032892307815795,0.0,0.3091028097125963,0.0,0.07115223687246681,0.0,0.0,0.0,0.0,0.0,0.0,0.0,0.0,0.0,0.0
2017-04-28,0.05565828235423949,0.0,0.33287344808593095,0.17418474401440825,0.0,0.3445790959684198,0.0,0.09270442957700158,0.0,0.0,0.0,0.0,0.0,0.0,0.0,0.0,0.0,0.0
2017-05-05,0.07968631447223411,0.0,0.11235399657020854,0.20179406177819653,0.0,0.34768597901824444,0.0,0.0,0.0,0.0,0.0,0.0,0.0,0.2584796481611164,0.0,0.0,0.0,0.0
2017-05-12,0.1347653049515799,0.06523469504842001,0.0,0.0,0.0,0.4,0.0,0.4,0.0,0.0,0.0,0.0,0.0,0.0,0.0,0.0,0.0,0.0
2017-05-19,0.10185623460046504,0.0,0.0,0.14399338551504787,0.0,0.3999999999999999,0.0,0.35415037988448705,0.0,0.0,0.0,0.0,0.0,0.0,0.0,0.0,0.0,0.0
2017-05-26,0.0594754054213105,0.031036685263647147,0.18064031523173038,0.049970930172102954,0.0,0.4000000000000001,0.0,0.15540434683488558,0.0,0.0,0.0,0.0,0.0,0.0,0.0,0.0,0.1234723170763234,0.0
2017-06-02,0.048138576825876085,0.0,0.11072284649677054,0.0,0.0,0.31515656134960957,0.03600801297493657,0.28613384639117784,0.0,0.0770514430660051,0.0,0.0,0.0,0.0,0.0,0.0,0.1267887128956242,0.0
2017-06-09,0.10362667287835721,0.08938038121190062,0.2427592535822892,0.0,0.0,0.4,0.0,0.0,0.0,0.1642336923274529,0.0,0.0,0.0,0.0,0.0,0.0,0.0,0.0
2017-06-16,0.0815919957012868,0.0,0.1749415714723276,0.0,0.0,0.33830299794789714,0.0,0.20236099387126238,0.0,0.10453275970545917,0.0,0.0,0.0,0.0,0.0,0.0,0.09826968130176678,0.0
2017-06-23,0.0222696550617066,0.0,0.15601186713804277,0.1452665374648255,0.0,0.2841688695172723,0.0,0.20852463492621315,0.0,0.08341242695912042,0.0,0.0,0.0,0.0,0.0,0.0,0.10034600893281924,0.0
2017-06-30,0.032707593171433486,0.0,0.06366680041146441,0.10546818264764263,0.0,0.3832496637957004,0.0,0.20893376075433548,0.0,0.0,0.0,0.0,0.0,0.0,0.0,0.08372679483690582,0.12224720438251777,0.0
2017-07-07,0.03312891648609517,0.026280280962045054,0.045598433544052734,0.1085169226698032,0.0,0.35870559446358063,0.0,0.1724117675783827,0.0,0.1155940015147938,0.0,0.0,0.0,0.0,0.0,0.0,0.13976408278124655,0.0
2017-07-14,0.023944426361759905,0.020966282578648004,0.0,0.09017470821897768,0.0,0.243022846614301,0.0,0.12690839031906456,0.0,0.0687685697189151,0.0,0.052584273937843214,0.10604957396259143,0.0,0.07408066478776586,0.04979842436448814,0.1437018391356451,0.0
2017-07-21,0.022180548758106527,0.0,0.10800431743807533,0.1086676691955218,0.0,0.24383556031536857,0.0,0.11300587283269672,0.0,0.07363536987765562,0.0,0.0,0.1033239468226597,0.0,0.0,0.07217184960396489,0.1551748651559509,0.0
2017-07-28,0.020908776533401185,0.0,0.09150707580854929,0.0,0.0,0.2437518728381669,0.0,0.1061493473200316,0.0,0.08340335475781381,0.0,0.044411912437858504,0.0,0.2083847140327155,0.0,0.06708849206304697,0.13439445420841628,0.0
2017-08-04,0.024875221527216884,0.0,0.15563745108066926,0.0,0.0,0.3137398927070386,0.0,0.10632301576107316,0.0,0.05857901429392655,0.0698232994684164,0.0,0.0,0.0,0.15706335039556227,0.0,0.11395875476609686,0.0
2017-08-11,0.0,0.0,0.09562108522770628,0.0,0.0,0.18206295964142377,0.0,0.10414319659702415,0.0,0.0,0.0,0.10816816080552218,0.0,0.0,0.1723765022138047,0.12045812747859655,0.2171699680359225,0.0
2017-08-18,0.0,0.0,0.0,0.0,0.0,0.1520861978068046,0.0,0.12133430757515493,0.08973922062087886,0.0,0.04594694380036245,0.09888887971454541,0.08376092823088545,0.0,0.17789042160073834,0.1034258797865464,0.12692722086408353,0.0
2017-08-25,0.0,0.0,0.02953092571144087,0.0,0.12006725425117029,0.1624011075376065,0.0,0.09183288034809699,0.05596648628927985,0.0,0.0,0.0894766108519944,0.0,0.0,0.20606392535704693,0.10275328473314708,0.14190752492021727,0.0
2017-09-01,0.0,0.0,0.0,0.0,0.11463188470583803,0.10406067132077809,0.0,0.094565440809799,0.07323079051223266,0.03644306547481298,0.0,0.09017430089934711,0.07664614846349073,0.0,0.1711394667219382,0.08578286760437598,0.11604949136168871,0.0372758721256986
2017-09-08,0.0,0.0,0.0,0.0,0.18631323166534203,0.10343447978362989,0.0,0.09417086562606682,0.08547462858881959,0.0,0.0,0.09546410220194382,0.0,0.0,0.19560679207768863,0.08067508103986461,0.12859172417544812,0.030269094841196338
2017-09-15,0.0,0.0,0.038795130365606785,0.0,0.0,0.09886561946678413,0.0,0.08402541013287618,0.10534649630071295,0.031814169862040005,0.0,0.09959092067991925,0.09029101720093205,0.0,0.17594553663466841,0.10761476603156479,0.1677109333248954,0.0
2017-09-22,0.0,0.0,0.058086539117184685,0.0,0.0,0.10786109795313467,0.0,0.07634735054582657,0.08799158403717705,0.05032094794933163,0.0,0.09624210419015143,0.10799525145512126,0.0,0.1604961903456371,0.10785451588529234,0.14680441852114323,0.0
2017-09-29,0.0,0.0,0.04826154195868637,0.0,0.0,0.14377029399109373,0.0,0.0,0.1959124410613868,0.056043651807631135,0.0,0.09547541860744325,0.0,0.0,0.17487629347465883,0.09578139876479241,0.18987896033430757,0.0
2017-10-06,0.0,0.0,0.061794613273057394,0.0,0.0,0.16167543214264563,0.0,0.0,0.18362773947735825,0.048524870518069294,0.0,0.08828293147773417,0.0,0.0,0.22298008254282392,0.0,0.23311433056831143,0.0
2017-10-13,0.0,0.0,0.037672399937507275,0.0,0.0,0.16612635556504418,0.0,0.07344066604723758,0.09133811044964907,0.0,0.0,0.09610093590903326,0.0,0.06274280331753297,0.14929288617711492,0.08055625543564214,0.24272958716123866,0.0
2017-10-20,0.0,0.0,0.03845575691579969,0.0,0.0,0.12539016008228876,0.0,0.07575276572166979,0.11858302853944205,0.0,0.0,0.08945076024675284,0.0,0.04636804302503094,0.15842449782811174,0.06905419586104256,0.24932220987254758,0.0291985819073141
2017-10-27,0.0,0.0,0.06267680908405986,0.0,0.0,0.14091237367780848,0.0,0.07728483556420178,0.0719210814523622,0.03114033510013887,0.0,0.07046510872964695,0.0,0.0713715274451024,0.2138538045353019,0.07273981720411038,0.18763430720726718,0.0
2017-11-03,0.0,0.0,0.05378658170219528,0.0,0.030643771469587845,0.09850095763923693,0.0,0.10636677203468593,0.08201647879603119,0.05550244836073914,0.0,0.06571723713463964,0.08490278321644179,0.0,0.11982962642979968,0.09084178021730939,0.1884037354316133,0.023487827567720016
2017-11-10,0.0,0.0,0.07466968696432268,0.0,0.0,0.0678624512000745,0.0,0.14319260851901686,0.0729216296859976,0.04615529914445727,0.0,0.09786539637669778,0.1026179515374374,0.0,0.144465428998999,0.07197700781538231,0.1581985721042955,0.020073967653319293
2017-11-17,0.0,0.0,0.06730048470445277,0.0,0.0,0.07130836189677478,0.0,0.12050548217015379,0.09871993390058488,0.047048524517769495,0.0,0.0783194336947079,0.06561168686826921,0.0,0.17060687351391748,0.09775916558907712,0.18282005314429256,0.0
2017-11-24,0.0,0.0,0.05287306359980076,0.0,0.0,0.09650679835000245,0.0,0.11516164936562455,0.08454511576098639,0.026870459138159213,0.0,0.08977686293284556,0.058474878933754804,0.0,0.16833651062579583,0.08315213724317427,0.1951235760116459,0.02917894803821026
2017-12-01,0.0,0.0,0.0367312108556278,0.0,0.0,0.10895790579581957,0.0,0.0675418662031544,0.07264646848862832,0.039134721136563834,0.05015928058884904,0.10022511393801002,0.0,0.08439847715291779,0.174255804473872,0.07157448577834447,0.17048983837033363,0.023884827217878934
2017-12-08,0.0,0.0,0.03426973878014564,0.0,0.0,0.08731111269578846,0.0,0.07341434238608578,0.09292803214029662,0.04519970383245634,0.035925658377667945,0.09693387453399097,0.06430684753949817,0.0,0.19567366477240092,0.08446273534641056,0.1495580028852562,0.040016286710002257
2017-12-15,0.0,0.0,0.03984071459741294,0.0,0.0,0.10666211200758649,0.0,0.09345865221001792,0.09897736627756913,0.03684125258864139,0.0,0.11120087036875556,0.0727236544965987,0.0,0.18269287135494452,0.08406956339042773,0.14959159296668204,0.023941349741363464
2017-12-22,0.0,0.0,0.037489945112821756,0.0,0.0,0.07641839435083148,0.0,0.09928777720968364,0.09753363616801713,0.05317638432286778,0.03109844173422353,0.12754744143188776,0.09337061369035833,0.0,0.14270390672214864,0.09119404665304137,0.12248529143575206,0.027694121168366538
2017-12-29,0.0,0.0,0.03439100797130174,0.0,0.0,0.09153695048603935,0.0,0.1514406400749513,0.07717208699900546,0.0,0.028417898782714227,0.09124194261007428,0.060300003370011235,0.0,0.20101398675655663,0.10233440064679462,0.10987374985372277,0.05227733244882846
2018-01-05,0.0,0.0,0.03236357799244233,0.0,0.0,0.06952950467381916,0.0,0.11861314909515831,0.0852585367836288,0.0,0.03014486675364557,0.09054513076744848,0.07909746217367467,0.0,0.2750247904129728,0.1178083209487037,0.07210461498057191,0.02951004541793451
2018-01-12,0.0,0.0,0.0,0.0,0.0783849583798268,0.0910716822831704,0.0,0.13518335359614966,0.08040008368168126,0.0,0.027980130536472025,0.08906213243365206,0.09928132007610198,0.0,0.18168345361194085,0.10530683653995983,0.07658763883095807,0.03505841003008707
2018-01-19,0.0,0.0,0.0388080952550993,0.0,0.1394426961093661,0.03478926950967308,0.0,0.09189757163099209,0.06826062008669112,0.03061141073579838,0.0,0.12078594443032488,0.08221350660534057,0.0,0.16097937942103868,0.1126770679886576,0.08436877256495175,0.035165665662066234
2018-01-26,0.0,0.0,0.026563300707926438,0.0,0.15832020205753997,0.04942527514467774,0.0,0.04802927112948747,0.0748827298050953,0.04571712510572617,0.025411662650200995,0.12444384320059716,0.07150020390271113,0.0,0.14726325015923333,0.08210146149026444,0.11531070218363415,0.03103097246290597
2018-02-02,0.0,0.0,0.039483868635084865,0.0,0.18103343041983078,0.04303777616164551,0.0,0.06389621230323733,0.06337789578935374,0.0503770149540522,0.027829407385887194,0.10574160864632147,0.07932192402729199,0.0,0.11005293918458006,0.07655182838104398,0.11582507915597957,0.04347101495569126
2018-02-09,0.0,0.0,0.0,0.0,0.18700550111945427,0.021080994141270654,0.0,0.08812679778597045,0.08285576609597997,0.045970430145906294,0.0357463503453025,0.12624131000268785,0.0803581161019553,0.0,0.13695517823054842,0.08447502516591406,0.0651769265489431,0.04600760431606711
2018-02-16,0.0,0.0,0.04815923181214057,0.0,0.17927777651050983,0.020796409072808254,0.0,0.09326867223190004,0.07570451823360945,0.048142382279721924,0.02774818795924842,0.12348174638075383,0.09370267833684315,0.0,0.09581362966518925,0.08232037690328227,0.04878111982724784,0.06280327078674518
2018-02-23,0.0,0.0,0.09175314231260535,0.0574616069880685,0.2358791064986829,0.021619142845709198,0.0,0.05757575291699397,0.0,0.04166310296082194,0.029492833165917012,0.09389007856984345,0.0,0.0,0.14388766451342777,0.1009911901767331,0.048747721183343494,0.07703865786785341
2018-03-02,0.0,0.0,0.11605965012018131,0.06605302790421354,0.2127276905144148,0.03290180366536766,0.0,0.08451338815956694,0.0,0.034578478910280076,0.03160355966280107,0.09457134393366358,0.0,0.0,0.13894471886241494,0.09419023078670545,0.0,0.09385610748039071
2018-03-09,0.0,0.0,0.0,0.09485150483044448,0.2231692026841265,0.0,0.0,0.13006920404384034,0.0,0.04561760326555395,0.0357679366187303,0.0744003989290823,0.0,0.0,0.16647834895259742,0.13231924284967708,0.0,0.09732655782594732
2018-03-16,0.0,0.0,0.05466247130345333,0.0,0.1744217236965521,0.0,0.0,0.0937883454757118,0.0,0.09293039133760853,0.05559324494653306,0.07796748254267431,0.08954681675104967,0.0,0.1273029340120968,0.1326250419099209,0.0,0.10116154802439946
2018-03-23,0.0,0.0,0.04706950934309276,0.037731699148794685,0.15110255741881876,0.0,0.0,0.0835309766738489,0.08034251311806383,0.09282059198987161,0.039917185126486336,0.06380618521417593,0.06285314295534719,0.0,0.11623698857152102,0.10712877142168141,0.030407374074318042,0.08705250494397974
2018-03-30,0.0,0.0,0.0,0.0,0.12044405372889651,0.02213564802172113,0.0,0.12163855679309822,0.08835006407271208,0.09557606727419875,0.058159544146854654,0.10837910513984615,0.0,0.0,0.15295131839891238,0.13473837220263263,0.0,0.09762727022112744
2018-04-06,0.0,0.0,0.03383591298099431,0.0,0.1688592084698838,0.0,0.0,0.08654243382147293,0.042047759234594556,0.09570271082217478,0.04899997954357127,0.10216381518253463,0.07292211805722865,0.0,0.14724132095194561,0.10851521761753427,0.0,0.0931695233180652
2018-04-13,0.0,0.0,0.0,0.024444415966566713,0.16062634870356968,0.029800919133178654,0.0,0.10199055055755483,0.0750730058016924,0.08833445634764672,0.049736498007627764,0.11839146204713116,0.07148445127055111,0.0,0.1555989599996315,0.09179480420552373,0.0,0.032724127959325715
2018-04-20,0.0,0.0,0.0,0.03852428798364494,0.14880809725438437,0.03514657256862917,0.0,0.11203119696225688,0.09589329453624225,0.08202617110185195,0.028230407309384743,0.12004846471136776,0.07102776487477289,0.0,0.15469130668935566,0.091863326174667,0.0,0.021709109833442534
2018-04-27,0.0,0.0,0.0,0.033893190932034224,0.12959305933389395,0.03768432757044549,0.0,0.09667968755894525,0.08925795466041907,0.09170792093401904,0.03253080086430995,0.12420752716439484,0.08527679082680228,0.0,0.17631083514657034,0.10285790500816551,0.0,0.0
2018-05-04,0.0,0.0,0.0,0.039553228934456584,0.09929407992078534,0.054322652110125116,0.0,0.11180542208821496,0.09992803364253278,0.07836966093627197,0.03277268617697685,0.13263588721458683,0.09462343848528502,0.0,0.18518891061405846,0.0715059998767062,0.0,0.0
2018-05-11,0.0,0.0,0.0,0.0965336463992814,0.0,0.06709690515558543,0.0,0.12009607517343952,0.07790132665477013,0.0988568999452722,0.04374575386952972,0.11414634664222383,0.0952513386697613,0.0,0.19686602296988462,0.08950568452025201,0.0,0.0
2018-05-18,0.03426241984484636,0.022919470260255998,0.0,0.13935654431867145,0.0,0.04102688381001795,0.0,0.1432356123036644,0.0,0.11064329341834468,0.06587509630235946,0.09537905223975683,0.08186588462385655,0.0,0.1529150350679461,0.11252070781028023,0.0,0.0
2018-05-25,0.03306651305043879,0.0,0.0,0.11459835778742306,0.0,0.03905199896456639,0.0,0.09946099549872868,0.1041457389934917,0.08274690401755481,0.07380295277282806,0.08734273069374975,0.10762207689642685,0.0,0.1512926935570239,0.10686903776776795,0.0,0.0
2018-06-01,0.0,0.0,0.0,0.06090675627344862,0.0,0.02525315750142885,0.0,0.1308278783547002,0.09230062607747529,0.08177778872249375,0.041351093192740086,0.23907156204188776,0.08798407391868998,0.0,0.1255695190829907,0.11495754483414469,0.0,0.0
2018-06-08,0.021459902615131112,0.0,0.05223429524855705,0.0,0.0,0.051059070285285,0.0,0.12230624728861032,0.0,0.12255594873728506,0.05907781043615414,0.14432385159033032,0.10849002711852493,0.0,0.07296892243611416,0.12693241032883348,0.11859151391517453,0.0
2018-06-15,0.02650514426251133,0.022945590548184604,0.0,0.0,0.0621393766075293,0.050621999118829225,0.0,0.1280605369010328,0.0,0.15402133132408524,0.07577814568425399,0.0,0.12170699263438402,0.0,0.10671127948672773,0.11682712776282693,0.13468247566963468,0.0
2018-06-22,0.08358302000127568,0.05719655626011825,0.0,0.0,0.0,0.07676522521518941,0.0,0.23657092689457218,0.0,0.3334362865309245,0.0,0.0,0.0,0.0,0.0,0.0,0.21244798509792007,0.0
2018-06-29,0.03847452359558108,0.030191408862988683,0.0,0.10816847825652294,0.0,0.04202925955009285,0.0,0.1364211739442281,0.0,0.10183806781445759,0.0897727481896402,0.0736830776175125,0.14522873778563875,0.1545505036181438,0.0,0.07964202076519362,0.0,0.0
2018-07-06,0.07576307265546967,0.0,0.0,0.12452019987605271,0.0,0.05735747902896582,0.0,0.21482693012664833,0.0,0.0,0.0,0.0,0.18598549174041734,0.3415468265724461,0.0,0.0,0.0,0.0
2018-07-13,0.1356505646124802,0.1309093618680642,0.0,0.0,0.0,0.0,0.0,0.0,0.0,0.0,0.33344007351945565,0.0,0.0,0.4000000000000001,0.0,0.0,0.0,0.0
2018-07-20,0.07663713267625524,0.04532593430613272,0.0,0.0,0.0,0.09815396213524584,0.0,0.0,0.09128660818214378,0.15495796938802128,0.0,0.0,0.0,0.4000000000000001,0.1336383933122011,0.0,0.0,0.0
2018-07-27,0.10921519413199031,0.0740526851574311,0.0,0.0,0.0,0.08497326940809162,0.0,0.10016851585584585,0.09556612573920399,0.13602420970743706,0.0,0.0,0.0,0.39999999999999997,0.0,0.0,0.0,0.0
2018-08-03,0.056297583012959146,0.03682021858079552,0.0,0.0,0.0,0.08052559568982538,0.0,0.19076736820195078,0.06896525811795495,0.0,0.0,0.08539668710127696,0.0,0.224882772894918,0.13355995712471172,0.12278455927560747,0.0,0.0
2018-08-10,0.06719524278440185,0.04743362903854493,0.0,0.0,0.0,0.08419371129745107,0.0,0.09436890375052177,0.10263689776178747,0.0,0.0,0.0,0.0,0.2919598804501423,0.14773480426120522,0.09637051466786285,0.0,0.06810641598808266
2018-08-17,0.07197562373651244,0.059214069588250935,0.0,0.0,0.12818601454864068,0.07732254194264186,0.0,0.10261819042744841,0.0,0.0,0.0,0.0,0.0,0.30057664019005914,0.13350491083479135,0.06433044535537881,0.0,0.06227156337627632
2018-08-24,0.09412094133842673,0.0726801862326734,0.0,0.0,0.2821203382610754,0.11463054618360154,0.0,0.07032594710811325,0.0,0.0,0.0,0.0,0.0,0.3661220408761096,0.0,0.0,0.0,0.0
2018-08-31,0.04946001093548325,0.045643093355662266,0.0,0.0,0.28360054890394065,0.04097247036666426,0.0,0.09249782613541686,0.030238373906192315,0.08487251205333886,0.0,0.0,0.0,0.2284990736673262,0.048049195551921706,0.057980855952074084,0.0,0.038186039171979436
2018-09-07,0.061634211775466026,0.056440796568517866,0.0,0.0,0.2862466067478355,0.05214750682998764,0.0,0.09526684516609507,0.05666121288899282,0.0,0.0,0.0,0.0,0.2825729718466666,0.0,0.06251990386511716,0.0,0.04650994431132135
2018-09-14,0.07059032650037741,0.06344180837793006,0.0,0.0,0.39999999999999997,0.04369579407020021,0.0,0.1205660379524055,0.0,0.0,0.0,0.0,0.0,0.3017060330990869,0.0,0.0,0.0,0.0
2018-09-21,0.029180953493415294,0.0,0.0,0.0,0.23467790308135966,0.021180668712911986,0.0,0.0946088047974034,0.0769193023278108,0.06983225574575477,0.0,0.08988162120083054,0.0,0.20507525873476218,0.13210609982206356,0.04653713208368764,0.0,0.0
2018-09-28,0.025193082792410174,0.0,0.07432060831561099,0.0,0.21399946753272578,0.023993350226221278,0.0,0.06214183780801638,0.06537870437311541,0.08443791912499557,0.0,0.12951301800195392,0.0,0.22275019254704329,0.09827181927790735,0.0,0.0,0.0
2018-10-05,0.0,0.0,0.12431661047818278,0.0,0.146232944176236,0.026561054235504124,0.0,0.08462703700821392,0.06783261186475399,0.0881859304244268,0.0,0.1051041128605902,0.0,0.17278333072970178,0.12136135763765103,0.0629950105847395,0.0,0.0
2018-10-12,0.023218214627282983,0.0,0.10596836261518207,0.0,0.08791950518561556,0.04244185340472751,0.0,0.08050441976276393,0.08076408701836554,0.07368806496284275,0.0,0.08775316591054182,0.07357333438081151,0.16174688272092627,0.11685749375475982,0.0655646156561803,0.0,0.0
2018-10-19,0.07089498774183745,0.0400954858674329,0.23025874331895121,0.0,0.0,0.0658448665989064,0.0,0.0,0.07119084421548978,0.0,0.0,0.0,0.0,0.4,0.1217150722573823,0.0,0.0,0.0
2018-10-26,0.055335059313330236,0.02333676706444631,0.10986840159718332,0.0,0.2486581663082827,0.05111959897711863,0.0,0.07610860634475164,0.06373029445398394,0.09709060782915957,0.0,0.0,0.0,0.2747524981117435,0.0,0.0,0.0,0.0
2018-11-02,0.028370471852524278,0.02409272384278479,0.1425644642234775,0.0,0.1811591835436524,0.028661392864346023,0.0,0.048517172670930364,0.06494236500650707,0.08919794089236854,0.0,0.0,0.0,0.22199059483196387,0.06728315663003726,0.1032205336414079,0.0,0.0
2018-11-09,0.0,0.034837148837178485,0.1680770493856342,0.0,0.14583405484673892,0.032751660776384466,0.0,0.06850310400933114,0.05898085934498425,0.10567735093344784,0.0,0.0,0.0,0.21572468436666278,0.08309380699900479,0.08652028050063319,0.0,0.0
2018-11-16,0.0,0.04148290147709004,0.20324474636614948,0.0,0.1953860509060929,0.0397360145209286,0.0,0.0641519585813741,0.04991357086222051,0.0,0.0,0.0,0.0,0.19417641962510862,0.09454835739609492,0.08962004332863033,0.0,0.027739936936310605
2018-11-23,0.0,0.0483083026789364,0.15944321590827423,0.0,0.272237085435964,0.07474489368479621,0.0,0.04643026991709543,0.05484501334720578,0.07737536673462146,0.0,0.0,0.0,0.0,0.14427201278507185,0.068747535821081,0.0,0.0535963036869537
2018-11-30,0.0,0.02894095148416646,0.12630230664442763,0.0,0.11128183239126904,0.04512545032708687,0.0,0.045144018580166374,0.06459432975806303,0.06458861310670398,0.0,0.0,0.0,0.3236307443700435,0.09475778569365141,0.0528318400063716,0.0,0.042802127638050226
2018-12-07,0.0,0.0,0.1003629135528838,0.0,0.08697999672348775,0.0603292302785662,0.0,0.06768103104211506,0.05390043160283092,0.06298959643980281,0.06782890566683819,0.08455025482680043,0.0,0.2916309286251313,0.07735490468384362,0.0,0.0,0.04639180655769994
2018-12-14,0.03216126303105317,0.0,0.22166526871528436,0.0,0.05950565285176812,0.06554718917299988,0.0,0.07409846485514297,0.0,0.07630712129110803,0.0,0.0,0.0,0.2547646719525936,0.17324981749990048,0.0,0.0,0.04270055063014939
2018-12-21,0.020775569433451952,0.0,0.14406697422262504,0.0,0.0,0.05387258933625529,0.0,0.07567957428078324,0.07183352659517332,0.058612545309983576,0.0,0.09871421547159313,0.0,0.21791405950144313,0.14056453345164505,0.08335327372534114,0.0,0.034613138671705075
2018-12-28,0.03675302691311479,0.0,0.14469970304921748,0.0,0.0,0.1023514248653954,0.0,0.05384094240406268,0.09547689345875268,0.0,0.0,0.0,0.0,0.364216329920508,0.08188536278519044,0.061134082617000846,0.0,0.059642233986757665
2019-01-04,0.08652833660197054,0.0,0.0,0.16254186241595014,0.0,0.21696316651538536,0.0,0.11383967220000418,0.0,0.18590441129882318,0.0,0.0,0.0,0.0,0.10522696077034636,0.12899559019752035,0.0,0.0
2019-01-11,0.03986731991996207,0.0,0.1316034859067636,0.09131150852998997,0.0,0.12015731086480609,0.0,0.05508990493678191,0.08554015005142077,0.0,0.0,0.14396102015634837,0.0,0.23274496369178702,0.09972433594214025,0.0,0.0,0.0
2019-01-18,0.0241373247507725,0.02199653597159462,0.09926665709336964,0.07901355224039175,0.0,0.07718335696648429,0.0,0.038476026851760776,0.06228277076311883,0.06708720534206097,0.0,0.11950299787124648,0.0,0.16371481931228277,0.1537487634255724,0.06224625041643851,0.0,0.03134373899490655
2019-01-25,0.0,0.02211204948200556,0.07722196259730647,0.05554405672006621,0.0,0.043361948240603916,0.0,0.058574388086631284,0.10982246390239521,0.08325221979283665,0.0,0.12899283943041387,0.0,0.09794339949545307,0.19860783506426044,0.07222161928920831,0.0,0.05234521789881889
2019-02-01,0.02184092756974361,0.0,0.10715889508990643,0.0,0.0,0.06355809454961996,0.0,0.07492324968091685,0.10272961003129878,0.08762480794637803,0.0,0.13165477906029988,0.07774154757225187,0.0,0.18847886636322977,0.0944335890589634,0.0,0.04985563307739149
2019-02-08,0.0,0.0,0.09112592733474227,0.0,0.0440056270572975,0.06932734406367307,0.0,0.06284847593825789,0.12147688837263321,0.06946915219742181,0.0,0.1290473344536275,0.07828575586211112,0.0,0.20199489989372144,0.07167346839180619,0.06074512643470791,0.0
2019-02-15,0.023132334156275632,0.030017007638617414,0.114650267801014,0.0,0.0,0.08048773836535388,0.0,0.058292420407488166,0.07466034022689225,0.0685744349244341,0.0,0.10820296968417285,0.0,0.08707154755048531,0.2166556868087267,0.10415708898113561,0.0,0.03409816345540409
2019-02-22,0.022437362608253623,0.03678337606438772,0.15234641865942303,0.0,0.0,0.08251429415552594,0.0,0.05953054996038138,0.09809402922729003,0.07483636896044202,0.023059252704151798,0.10943063101409692,0.0,0.0,0.18957543637891924,0.109529471914902,0.0,0.041862808352226576
2019-03-01,0.0,0.037042796980084856,0.1469629807481205,0.0,0.0,0.08227692385420757,0.0,0.05914040627393734,0.0721970146843548,0.05306202541524784,0.02142055553570254,0.06923766447549011,0.0,0.16607750107781097,0.1897214383571948,0.08018849180760208,0.0,0.02267220079024655
2019-03-08,0.0,0.025368884963787818,0.1353963239622133,0.0,0.0,0.05953559053444447,0.0,0.05287479141828332,0.11058033405990268,0.0760924619186556,0.03479329870114473,0.11455196571803865,0.0,0.060247443474195174,0.14663227081395286,0.07593097139828037,0.08202085200752302,0.025974811029578
2019-03-15,0.0,0.0,0.12127676960905706,0.0,0.0,0.05431481854811509,0.0,0.052939953716416986,0.1009200685947567,0.07252351748726697,0.027139535580837107,0.12268877298464996,0.07700949776241785,0.0,0.14674701206643,0.07945636424642535,0.1100240134764545,0.03495967592717263
2019-03-22,0.0,0.0,0.09002040536758933,0.0,0.0,0.06663640478667189,0.0,0.08753251902476761,0.09434020316564933,0.07032553473510034,0.0,0.14303194211157796,0.06739228880890506,0.0,0.15199531479272277,0.08888908764360443,0.09860081799693343,0.04123548156647791
2019-03-29,0.0,0.023322076392257432,0.09101555618208466,0.053472244460070956,0.0,0.11703809871007786,0.0,0.08725333786056244,0.11703211043918862,0.11442643966843526,0.0,0.1338284761024349,0.0,0.0,0.036283387544387084,0.06792531899775354,0.111688888644498,0.04671406499824929
2019-04-05,0.0,0.023239140511192535,0.0991766941766628,0.0,0.0,0.13224613203563357,0.0,0.10979446080447895,0.09537958932148795,0.09111976223809257,0.0,0.14042210943429198,0.08473822111987257,0.0,0.0,0.11162709800126257,0.07784078216162829,0.03441601019539616
2019-04-12,0.0,0.030806307200512646,0.11854958490502668,0.0,0.0,0.1496442636051932,0.0,0.16911309703908645,0.11158890519288665,0.10092218647050179,0.0,0.0652653802623053,0.0,0.0,0.04459122948343038,0.15081824377446518,0.05870080206659191,0.0
2019-04-19,0.0,0.03673638698804342,0.13862933029582425,0.0,0.0,0.20994841797421246,0.0,0.17942438730270777,0.0,0.0,0.0,0.10341665057170671,0.0,0.0,0.0,0.21521374068908564,0.11663108617841976,0.0
2019-04-26,0.0,0.036897675281726924,0.08098277644670421,0.0,0.0,0.21806648031539705,0.0,0.15832323880498425,0.0,0.07328875252027106,0.07550292171361231,0.1048481955457919,0.0,0.0,0.0,0.14251629354708975,0.10957366582442246,0.0
2019-05-03,0.0,0.026849252799071507,0.06536692748216907,0.0,0.0,0.11975469038801963,0.0,0.17168685626435373,0.0820484131364593,0.06225518077019181,0.028556068381604904,0.07516605433513016,0.0808221688980011,0.0,0.0,0.14044381611045417,0.14705057143454467,0.0
2019-05-10,0.0,0.024858218928131226,0.044477284474868886,0.0,0.0,0.12678772687855772,0.0,0.1569533670557505,0.11709616986753246,0.05548142427065697,0.05992692630637079,0.10148181665333841,0.06457281202697866,0.0,0.0,0.11115650272425923,0.13720775081355507,0.0
2019-05-17,0.0,0.02857666344814831,0.055278046947056035,0.0,0.0,0.13027988060363788,0.0,0.11551895714164352,0.11482616456444189,0.10122080332039676,0.060190354761609596,0.09704673042138433,0.08648352980021239,0.0,0.0,0.09212310005279988,0.11845576893866946,0.0
2019-05-24,0.0,0.03321137242921761,0.048086372828098724,0.0,0.0,0.11762735068743278,0.0,0.07511427922413008,0.0908149790989694,0.15339839919608134,0.06922596371831669,0.10919855696959847,0.0,0.0,0.04913744479604205,0.09976961775587201,0.15441566329624096,0.0
2019-05-31,0.0,0.02265457142248251,0.04031848454013837,0.0,0.0,0.11178853994161844,0.0,0.0800747577049212,0.09260606359914962,0.1249797634565882,0.05794133094070806,0.10706164324982344,0.0,0.0,0.10249637186078267,0.10600373339481062,0.12156471571416916,0.03251002417480771
2019-06-07,0.0,0.03068095605046621,0.054826115875958356,0.0,0.0,0.09673599309345052,0.0,0.08288745390559125,0.1130695369737262,0.1259350976727371,0.05545668029689363,0.10812456363674706,0.0,0.0,0.07856036392438036,0.10774442344013416,0.12231407373535705,0.023664741394558184
2019-06-14,0.0,0.022865275193745836,0.0743033040511346,0.0,0.0,0.09571459919053998,0.0,0.07170124194956912,0.09761121179431981,0.12320693690339724,0.06795948952867557,0.13375216878637677,0.0,0.0,0.09770000956716388,0.0729573475122801,0.11553471961692474,0.026693695905872363
2019-06-21,0.0,0.0,0.028430580856968677,0.0,0.0,0.03374870600630353,0.0,0.08802154171971614,0.08316558503660175,0.0840878809662458,0.0,0.1491723236542627,0.10570298720784392,0.0,0.14835282681253426,0.125815007228175,0.11799084334238454,0.03551171716896375
2019-06-28,0.0,0.024542900219385898,0.0,0.0,0.0,0.06612656039798563,0.0,0.09983722040598983,0.10758341988363875,0.17865321636681636,0.0,0.15812676149845176,0.0,0.0,0.22155156590459932,0.11670268734898451,0.0,0.026875667974148
2019-07-05,0.0,0.02411141756733368,0.09689048056992024,0.0,0.0,0.08111593276524928,0.0,0.09488210903339335,0.13129142251629983,0.1409693960710309,0.0,0.16140532323088747,0.0,0.0,0.1488777261261569,0.08114232843093666,0.0,0.03931386368879187
2019-07-12,0.0,0.03459822772309908,0.09922771040491991,0.0,0.0,0.07655016366373565,0.0,0.09962344865120262,0.11593897101666445,0.09725797455340236,0.049020092817893345,0.1931053154884261,0.0,0.0,0.08618710093625921,0.11427885019394911,0.0,0.034212144550448124
2019-07-19,0.0,0.022587940005234095,0.06703359615645878,0.02729939993177913,0.0,0.08455918835933322,0.0,0.06352804241245043,0.10630970804896711,0.10952200680794112,0.02589532565373694,0.13643219246503738,0.06731482355273978,0.0,0.10392857530655714,0.09115300654608835,0.09443619475367676,0.0
2019-07-26,0.0,0.02537702383249509,0.06781556588264609,0.0,0.0,0.0725303502735111,0.0,0.08483731226688514,0.10813361171754454,0.10369208645719086,0.04736487698822975,0.15003227759992652,0.06699534946626969,0.0,0.0974770565898059,0.08934417392150636,0.08640031500398895,0.0
2019-08-02,0.0,0.02689357926490348,0.02645346279812188,0.02783314190012844,0.0,0.07788970448050958,0.0,0.09587409169374884,0.13054614513979382,0.11210645655290409,0.041780302509547076,0.16484331722329879,0.06556354815930249,0.0,0.05697808645659445,0.09152894721010602,0.08170921661104093,0.0
2019-08-09,0.0,0.02321870543862579,0.0317203204171602,0.03338484533636115,0.0,0.04924701838259771,0.0,0.0853946478789223,0.1320847847303963,0.12768693096384431,0.06733939444351811,0.13020358602704718,0.0638418542955603,0.0,0.09101340781242472,0.08365197288398762,0.08121253138955431,0.0
2019-08-16,0.0,0.023507173562312935,0.12790056980168946,0.0,0.0,0.10100252094550326,0.0,0.10191451738900272,0.0870555010511134,0.09733603521277245,0.0,0.14297615395912694,0.0,0.0,0.12173897471905364,0.09569549839529376,0.10087305496413161,0.0
2019-08-23,0.0,0.030582901717991617,0.1093119675468204,0.0,0.0,0.07296579091366989,0.0,0.10948235744239138,0.13511140048335718,0.048166803104869885,0.0,0.10804925779776536,0.0,0.0,0.1356330536105237,0.12877706189178542,0.12191940549082515,0.0
2019-08-30,0.0,0.022286323086105408,0.144727867170977,0.0,0.0,0.08435271787870484,0.0,0.09516975943058686,0.09275971937405601,0.09349795575076969,0.0,0.09254781783191243,0.09347627102097023,0.0,0.07649190392833739,0.10238809782991658,0.1023015666976636,0.0
2019-09-06,0.02156425833238826,0.028308690642015532,0.12406526981673638,0.0,0.0,0.05994560451230249,0.0,0.1122748832046469,0.12318525405414443,0.09974750342411705,0.048485327273934765,0.12616160072494853,0.0,0.0,0.03976705127009102,0.125816055977972,0.09067850076670263,0.0
2019-09-13,0.0,0.02517120791136784,0.09538481975351804,0.0,0.0,0.061845669807979356,0.0,0.09755823976495581,0.10503587698702896,0.14701256311601085,0.05188588849216118,0.10840048037187994,0.07978546256438887,0.0,0.024988232635284734,0.11173337625567334,0.091198182339751,0.0
2019-09-20,0.0,0.022415497992937183,0.13677869001033469,0.0,0.0,0.06787666790751193,0.0,0.12136676848391922,0.10304333657954777,0.17134262690052296,0.0,0.11301812342414361,0.10055643704645795,0.0,0.04842522105297794,0.11517663060164665,0.0,0.0
2019-09-27,0.0,0.03348837543275502,0.07653386416649577,0.0,0.0,0.1019952049056349,0.0,0.1034157412377657,0.1204163107729686,0.1559333691386558,0.0,0.14613792025691508,0.0,0.0,0.04815382193546766,0.12969006650945855,0.08423532564388303,0.0
2019-10-04,0.0,0.0,0.057246098339992474,0.0,0.0,0.07233627011311605,0.0,0.09475927203355007,0.11418817556107486,0.14047350609829376,0.0,0.13754674999583136,0.08519178475749523,0.0,0.0547978771033433,0.1274765379121238,0.11598372808517934,0.0
2019-10-11,0.0,0.029612608690497238,0.055337005316040966,0.0,0.0,0.04990177451015548,0.0,0.11679092564985201,0.14206637701923142,0.08331523351504033,0.0,0.11928234111051503,0.09420199564967653,0.0,0.03731451822975704,0.14560551170274627,0.10644705853521065,0.020124650071277183
2019-10-18,0.0,0.028217278236394458,0.02701236023797585,0.0,0.0,0.07173785612213836,0.0,0.11450005425255443,0.12532274667620358,0.08205649709083208,0.03166542317857625,0.13239275985706328,0.07676112854084306,0.0,0.03983211569744036,0.14061133493246286,0.10741554567422283,0.022474899503292685
2019-10-25,0.0,0.02559037875807901,0.0,0.0,0.0,0.05477563892651029,0.0,0.12997964473990573,0.1294144363376495,0.09901822315086484,0.03908855419593477,0.1758310995282802,0.0,0.0,0.06901066393288771,0.13132119469071155,0.14597016573917623,0.0
2019-11-01,0.0,0.0240239411528645,0.0,0.0,0.0,0.04355089993184517,0.0,0.1319087579573532,0.11593492491596699,0.09483830345250586,0.058705253705926747,0.14272694505933736,0.07055853665825026,0.0,0.072395933024669,0.10415971948064505,0.1411967846606361,0.0
2019-11-08,0.0,0.0,0.0,0.0,0.059083527473112366,0.028526913069072644,0.0,0.12940449371779839,0.1260551456454133,0.07157480536476639,0.05916971457456113,0.17914376407153074,0.0,0.0,0.052687882529249844,0.1461583827357811,0.1481953708187141,0.0
2019-11-15,0.0,0.0,0.02207836114438661,0.0,0.0,0.038726798398809104,0.0,0.1334658833099462,0.16277805831027725,0.0884401801204521,0.07054075213014382,0.17346469886795987,0.0,0.0,0.0,0.12222989936822319,0.18827536834980188,0.0
2019-11-22,0.0,0.022494989624047185,0.02388515470888138,0.0,0.0,0.07924589838007466,0.0,0.1156119634453571,0.16409212515540544,0.07372364729308448,0.07419105283617647,0.14576753067198497,0.0,0.0,0.0,0.13936008510528186,0.13911684013449324,0.0225107126452131
2019-11-29,0.04536946217377932,0.0,0.0511131562418814,0.0,0.0,0.06055054233584059,0.0,0.11972270356280593,0.17429779289719066,0.0805673138291553,0.06528515202690949,0.1440153128235204,0.0,0.0,0.0,0.1325872289216007,0.10092685222442888,0.02556448296288729
2019-12-06,0.03202327511088506,0.028768622814728948,0.0386194314812444,0.0,0.0,0.042841255776809875,0.0,0.1048456687397291,0.18045584638083714,0.0,0.051694532682433146,0.10010330455973065,0.10502111239055541,0.0,0.0,0.1327530385728422,0.14921382303624167,0.03366008845396238
2019-12-13,0.0,0.0,0.08084169861695005,0.03753805224571389,0.0,0.055458446019230376,0.0,0.15575077581780325,0.1620934424545174,0.051531340844516126,0.0,0.10007555271006909,0.09438111680746863,0.0,0.0,0.10394269514511774,0.15838687933861345,0.0
2019-12-20,0.0,0.0,0.056947220669355106,0.0,0.0,0.038370670231907704,0.0,0.17489607149718747,0.1897877540299116,0.0,0.0,0.12249119835211739,0.102528232969291,0.0,0.0,0.1141253757958804,0.2008534764543493,0.0
2019-12-27,0.0,0.0,0.09749988609868317,0.0,0.0,0.0,0.0,0.15499177928360286,0.19178789202619692,0.0,0.0,0.14375673939026082,0.09192442852694728,0.0,0.0,0.10473051261364881,0.21530876206066016,0.0
2020-01-03,0.0,0.02988276836523795,0.09087487778278908,0.0357549894194231,0.0,0.07560034861849463,0.0,0.17647300464921123,0.18074807372977483,0.0,0.0,0.07545596045836761,0.10023377803189636,0.0,0.06875499791183085,0.0,0.16622120103297433,0.0
2020-01-10,0.0,0.023061478884726136,0.11313186950129851,0.0,0.0,0.0,0.0,0.0979734922154957,0.229901405424177,0.13326856952767363,0.0,0.12691743565768557,0.0,0.0,0.06661219621255413,0.0,0.20913355257638938,0.0
2020-01-17,0.0,0.021748364365167555,0.15239906920351184,0.0,0.0,0.0,0.0,0.07561498647328516,0.21311853856244656,0.18529945769806136,0.0,0.13542892445436547,0.0,0.0,0.0,0.0,0.21639065924316206,0.0
2020-01-24,0.0,0.0,0.12769358838303038,0.0,0.0,0.0,0.0,0.08918309764124961,0.24013784745940264,0.16016615948727697,0.0,0.15544434398682,0.0,0.0,0.0,0.0,0.22737496304222024,0.0
2020-01-31,0.0,0.029734213908991784,0.10616750820698612,0.0,0.0,0.0,0.0,0.11720945881543292,0.17593240511453642,0.17530164073180393,0.0,0.1453219800463555,0.053631767054798496,0.0,0.0,0.0,0.19670102612109489,0.0
2020-02-07,0.0,0.03242624149357899,0.09863894256720925,0.0,0.0,0.0,0.0,0.11430728563687445,0.19565649992745063,0.1095186479590502,0.0,0.11844577885836452,0.10878320810912327,0.0,0.05082043781667669,0.0,0.17140295763167204,0.0
2020-02-14,0.0,0.07746889068147707,0.12194166185840694,0.0,0.0,0.0,0.0,0.19381338550692945,0.0,0.0,0.0,0.08754125754036877,0.19577993204643168,0.0,0.0,0.1490749288592111,0.17437994350717498,0.0
2020-02-21,0.0,0.06129825682797073,0.06019615082271352,0.0,0.0,0.08459686146026271,0.0,0.10023503847136975,0.17280598466265693,0.05745557514744135,0.0,0.07837086901988731,0.07821769836388374,0.0,0.1125238830058244,0.0,0.1942996822179897,0.0
2020-02-28,0.0,0.03398973494439408,0.05945460697319722,0.0,0.0,0.09114885992394209,0.0,0.1037799345598908,0.19304030227444827,0.0,0.0,0.0825478730963993,0.10794756282680258,0.0,0.12830315508104845,0.0,0.1997879703198772,0.0
2020-03-06,0.0,0.026731932366280724,0.059392203886801984,0.0,0.0,0.07219592891884002,0.0,0.10523895456277706,0.1623499493651775,0.10104423267004768,0.0,0.13480128803721228,0.07480310280071878,0.0,0.0,0.08709899010748463,0.1763434172846593,0.0
2020-03-13,0.0,0.0,0.10679257159683617,0.0,0.0,0.0,0.0,0.12097182684432993,0.17382590035000092,0.09580070388959937,0.0,0.13673244251491515,0.08574544660913755,0.0,0.0,0.0,0.28013110819518094,0.0
2020-03-20,0.0,0.0,0.12683404160217113,0.0,0.0,0.05389743909509239,0.0,0.15779711969779425,0.0,0.07228619060913093,0.0,0.10910640058748228,0.0897371186507396,0.0,0.05885710347251515,0.1126131382015019,0.21887144808357226,0.0
2020-03-27,0.0,0.0,0.0868384245030858,0.0,0.0,0.0,0.027836302804012867,0.16217161706280467,0.0,0.056518755746633474,0.04012450089384753,0.11165480966218642,0.11971458350847984,0.0,0.07078404012081459,0.12146631008201493,0.13742685797162904,0.06546379764449081
2020-04-03,0.0,0.0,0.07247778950768594,0.0,0.0,0.06873385140128364,0.03454405566696671,0.15796653937709415,0.0,0.0,0.057444581522038206,0.05753665807438362,0.12137681856193537,0.0,0.10012559961259782,0.16907539690125875,0.1035033243622484,0.05721538501250757
2020-04-10,0.0,0.02618738677474185,0.0,0.0,0.0,0.07107251667661485,0.0,0.21038554264295595,0.0,0.0,0.05678217988619007,0.15653731480724978,0.10705174329617964,0.0,0.09743880767898241,0.1134126038953517,0.12889739759209481,0.03223450674963895
2020-04-17,0.0,0.0,0.052987692353171495,0.0,0.08600956646507495,0.06925617014653539,0.0,0.13222011664860453,0.0,0.08633702989531031,0.053719087893003704,0.13963155823392093,0.11458562160908413,0.0,0.05949577170509414,0.12215520379817862,0.08360218125202194,0.0
2020-04-24,0.0,0.0,0.055696748486894904,0.0,0.19829045504231835,0.0928909535493806,0.0,0.12581174599284445,0.0,0.11188275707457877,0.035236898569792514,0.1236707089557781,0.10207613827603892,0.0,0.0,0.10508610736331593,0.049357486689057456,0.0
2020-05-01,0.0,0.0,0.10349262734107076,0.0,0.21051135697004003,0.06672562734147834,0.0,0.09707657126012893,0.08266058345911331,0.10325982427376203,0.0,0.11655266191373062,0.0,0.0,0.05696141074418732,0.09081117271514631,0.07194816398134249,0.0
2020-05-08,0.0,0.0,0.07471210689674634,0.0,0.09222317024909799,0.07508808247190937,0.0,0.08370003467138402,0.08803741825827022,0.1142650146931012,0.03380296852643315,0.1368271697902075,0.06169268831855863,0.0,0.06260754368653895,0.08601066179854558,0.0674986495909982,0.023534491048208917
2020-05-15,0.0,0.0,0.0,0.0,0.17962407552965187,0.08829931031183426,0.0,0.1170311298414763,0.11386182219106274,0.10209909075419585,0.0,0.11955755764657111,0.06489439578961058,0.0,0.0,0.1096360168900836,0.05092722714305316,0.05406937390246058
2020-05-22,0.0,0.0,0.029217508554055114,0.0,0.205309452980298,0.06039879033697214,0.0,0.08815697848188274,0.1315731003941283,0.12333009862093403,0.0,0.13893224556966272,0.0,0.0,0.07150683329728852,0.10795403914616727,0.0,0.04362095261861122
2020-05-29,0.0,0.0,0.03072601887488028,0.0,0.1650897245333366,0.05425768924906204,0.0,0.09640001590625097,0.1245494669013832,0.08361708224244317,0.031745962715989326,0.11562594614035328,0.057387324400059975,0.0,0.06571238580796002,0.10216136656693617,0.036299411189507295,0.03642760547183785
2020-06-05,0.02235146883940808,0.0,0.0,0.0,0.16645075570822773,0.07794710436449055,0.0,0.06728975456614812,0.1286846956197251,0.09406179086346417,0.03953465585132644,0.1275056034161885,0.07490752578600061,0.0,0.04245014833578632,0.11474187259853409,0.0,0.04407462405070037
2020-06-12,0.0,0.0,0.0787850185381563,0.0,0.15499276294696396,0.07418207197245338,0.0,0.07820791037019614,0.1118890691648528,0.08522650468393506,0.034551611428002255,0.12639880432974654,0.06084735202891444,0.0,0.04509459557388776,0.11486422386032408,0.0,0.03496007510256737
2020-06-19,0.0,0.0,0.07889199081364737,0.0,0.15999531660093755,0.0693316947009346,0.0,0.10042358614697626,0.1061665576815421,0.07220982106820557,0.030141467616021704,0.1123071377352276,0.09485517940477367,0.0,0.0658257847415731,0.1098514634901606,0.0,0.0
2020-06-26,0.0,0.0,0.06908945782873471,0.0,0.17260032177739162,0.06384508710131175,0.0,0.09658337131866339,0.1269387132276236,0.05656309843722439,0.0,0.10233046467909102,0.0844960652188883,0.06851894677006963,0.06578782350932179,0.09324665013167992,0.0,0.0
2020-07-03,0.0,0.0,0.10018205113266931,0.0,0.11827360917516973,0.08669300213499671,0.0,0.11975808754480481,0.11286523924825866,0.06091099278159321,0.04127207032460195,0.13013882017292527,0.0,0.0,0.07751407993230806,0.12049071765978246,0.0,0.03190132989288969
2020-07-10,0.0,0.0,0.07835858695323422,0.0,0.16956453352861803,0.03594570561823626,0.0,0.11460528815027747,0.13196326629783842,0.06386145263892282,0.04896134966901819,0.12836702211771403,0.0,0.0,0.08325641218059315,0.11308561389956362,0.0,0.03203076894598399
2020-07-17,0.0,0.0,0.07769826692125113,0.0,0.0,0.02357864600076227,0.0,0.1265720633183026,0.15045293321251432,0.07327775495823229,0.05111990722344018,0.130466014782196,0.11938734234813572,0.0,0.09516080499864264,0.10775983189005256,0.0,0.044526434346470314
2020-07-24,0.0,0.0,0.05524723866972882,0.0,0.08438842254600379,0.07031781966361268,0.0,0.10676536578830653,0.13317143257624536,0.08689756785936772,0.06114150045178915,0.13231863612015726,0.0,0.0,0.07459922186302893,0.1326476797467217,0.0,0.06250511471503829
2020-07-31,0.0,0.0,0.08274863086690466,0.0,0.1019185096477692,0.057570204676933176,0.0,0.08359580444318694,0.11719262038928362,0.07099799534752489,0.04086848734352103,0.13108883160853102,0.0,0.0,0.13292807287862526,0.11576372673218782,0.0,0.06532711606553238
2020-08-07,0.0,0.0,0.1810313742223498,0.0,0.13755092184260853,0.13653093715050707,0.0,0.1439606075646026,0.0,0.23946495343045696,0.10188093320775708,0.0,0.0,0.0,0.0,0.0,0.0,0.05958027258171797
2020-08-14,0.0,0.02545850260393654,0.15531838924874555,0.07974746560647945,0.0,0.07887213126034312,0.0,0.10702106312421646,0.09994154885099021,0.14108981117709524,0.060009475706811095,0.0,0.0,0.0,0.0845202274089624,0.11484203061692978,0.0,0.053179354395490167
2020-08-21,0.0,0.0342198454983811,0.23100964839777963,0.12010234707616074,0.10311380828592027,0.0,0.0,0.17180604616339254,0.0,0.0,0.08473485496220809,0.0,0.0,0.0,0.11465380786271702,0.0,0.14035964175344062,0.0
2020-08-28,0.044810321232157294,0.03790611579193326,0.15184806712016527,0.15742427807831286,0.19749178149989188,0.0,0.0,0.1152958325562537,0.0,0.0,0.0,0.0,0.13266033445453312,0.045570963912569824,0.0,0.0,0.11699230535418276,0.0
2020-09-04,0.0,0.04597711945433193,0.0,0.12159840144188688,0.3030709056343414,0.11444588664271624,0.0,0.12214023129028957,0.0,0.0,0.04465115916562215,0.0,0.0,0.0,0.0,0.0,0.14102703834263575,0.10708925802817604
2020-09-11,0.0808838325229272,0.09738224103208479,0.0,0.32489462439313677,0.0,0.18439832221473143,0.0,0.0,0.0,0.0,0.11015726951658555,0.0,0.0,0.0,0.0,0.0,0.20228371032053427,0.0
2020-09-18,0.07040799058633729,0.08502257577132301,0.0,0.19737273561715374,0.0,0.2324097493819302,0.0,0.19891489997931783,0.0,0.0,0.0,0.0,0.0,0.0,0.0,0.0,0.21587204866393794,0.0
2020-09-25,0.0846620773549618,0.0,0.223311882422001,0.16060063880509975,0.0,0.1377537796905919,0.0,0.19514529305746875,0.0,0.0,0.0,0.0,0.0,0.0,0.0,0.0,0.19852632866987682,0.0
2020-10-02,0.0,0.0,0.20665640663999163,0.23146473948960705,0.0,0.18408407304544142,0.0,0.19349872074903895,0.0,0.0,0.0,0.0,0.0,0.0,0.0,0.0,0.18429606007592098,0.0
2020-10-09,0.11816730993172296,0.0,0.2882184431442799,0.0,0.0,0.2752410110087647,0.0,0.0,0.0,0.0,0.11826421707078748,0.0,0.0,0.0,0.0,0.0,0.2001090188444449,0.0
2020-10-16,0.05995136323608563,0.0,0.22957089814454396,0.0,0.0,0.30035961235921876,0.0,0.0,0.0,0.0,0.1873308533200393,0.0,0.0,0.0,0.0,0.0,0.22278727294011247,0.0
2020-10-23,0.0,0.0,0.0,0.0,0.17282221690903068,0.4000000000000001,0.0,0.0,0.0,0.0,0.2814285820213708,0.0,0.0,0.0,0.0,0.0,0.1457492010695985,0.0
2020-10-30,0.051681822781431415,0.0,0.127864151022794,0.0,0.10795128312588664,0.3425278359171239,0.0,0.20601328908522487,0.0,0.0,0.16396161806753917,0.0,0.0,0.0,0.0,0.0,0.0,0.0
2020-11-06,0.04678398994787827,0.03157187522367236,0.1464913264684871,0.0,0.3399311272833641,0.2679084738853716,0.0,0.10187722703564912,0.0,0.0,0.0,0.0,0.0,0.0,0.0,0.0,0.0,0.06543598015557747
2020-11-13,0.07736150014551653,0.0,0.0,0.0,0.11799218364665713,0.35623576014529656,0.0,0.0,0.0,0.0,0.3527596681805704,0.0,0.0,0.0,0.09565088788195933,0.0,0.0,0.0
2020-11-20,0.08502959731657256,0.0,0.12486294414110395,0.0,0.15221057289569256,0.35832102427022466,0.0,0.0,0.0,0.0,0.1864936408510501,0.0,0.0,0.0,0.09308222052535611,0.0,0.0,0.0
2020-11-27,0.05115553399498961,0.060360672969598926,0.10786457444796507,0.0,0.33663405897707216,0.23948768876537527,0.0,0.0,0.0,0.0,0.20449747084499906,0.0,0.0,0.0,0.0,0.0,0.0,0.0
2020-12-04,0.03348931665312617,0.0,0.1012044414085894,0.0,0.39999999999999997,0.22820965669061336,0.0,0.0,0.0,0.0,0.23709658524767097,0.0,0.0,0.0,0.0,0.0,0.0,0.0
2020-12-11,0.04889715239310635,0.03103861552010204,0.10923588362257984,0.0,0.3179299029719436,0.20921278762251463,0.0,0.0,0.0,0.0,0.2836856578697535,0.0,0.0,0.0,0.0,0.0,0.0,0.0
2020-12-18,0.0896803321333709,0.049751634923866105,0.22033455538151886,0.0,0.11930104818534283,0.20207614715989092,0.0,0.1346882835702867,0.0,0.0,0.18416799864572367,0.0,0.0,0.0,0.0,0.0,0.0,0.0
2020-12-25,0.051110745413077446,0.08712875332949999,0.15651343243167323,0.0,0.0,0.24183414909151538,0.07226320299698612,0.23955913389159733,0.0,0.0,0.1515905828456507,0.0,0.0,0.0,0.0,0.0,0.0,0.0
2021-01-01,0.0,0.22947502028867103,0.23277241507300106,0.0,0.0,0.07849089257325272,0.0,0.3119146713912815,0.0,0.0,0.1473470006737937,0.0,0.0,0.0,0.0,0.0,0.0,0.0
2021-01-08,0.0,0.12507002694737773,0.21416315774489184,0.0,0.0,0.11016491340372349,0.0,0.08801507107806925,0.21755907556445575,0.0,0.24502775526148188,0.0,0.0,0.0,0.0,0.0,0.0,0.0
2021-01-15,0.0,0.0692081918893305,0.251532713945572,0.0,0.0,0.12079913385543925,0.0,0.13759373251754603,0.17143214989483938,0.0,0.10328339416815502,0.0,0.1461506837291179,0.0,0.0,0.0,0.0,0.0
2021-01-22,0.02881792417291693,0.04372542578073651,0.15885364771320973,0.0,0.0,0.05171080834316819,0.0,0.18966725059829787,0.17126715938728967,0.0,0.09446985022514529,0.0,0.16126342750237024,0.0,0.0,0.10022450627686566,0.0,0.0
2021-01-29,0.0,0.1569607169313806,0.31754656532997055,0.0,0.0,0.22451519283656446,0.0,0.10737763184277678,0.0,0.0,0.19359989305930753,0.0,0.0,0.0,0.0,0.0,0.0,0.0
2021-02-05,0.0,0.19697512040694995,0.4,0.0,0.0,0.3271838821639118,0.07584099742913827,0.0,0.0,0.0,0.0,0.0,0.0,0.0,0.0,0.0,0.0,0.0
2021-02-12,0.0,0.12342118195950535,0.30127215443335725,0.0,0.0,0.0,0.0,0.16513860863231203,0.19750972583064827,0.0,0.06907861482226464,0.0,0.0,0.0,0.0,0.0,0.14357971432191244,0.0
2021-02-19,0.047001973130851256,0.11458315806271568,0.34605255101348686,0.0,0.0,0.0,0.05358291471312924,0.0,0.09822003610364205,0.0,0.09910906109223322,0.0,0.12253486357689974,0.0,0.0,0.0,0.11891544230704208,0.0
2021-02-26,0.13847665492043912,0.3621486721756081,0.4,0.0,0.0,0.0,0.09937467290395278,0.0,0.0,0.0,0.0,0.0,0.0,0.0,0.0,0.0,0.0,0.0
2021-03-05,0.0798142442181588,0.18654560063291376,0.3999999999999999,0.0,0.0,0.0,0.08656054020266711,0.0,0.24707961494626024,0.0,0.0,0.0,0.0,0.0,0.0,0.0,0.0,0.0
2021-03-12,0.1353960373018178,0.24150163736429325,0.40000000000000013,0.0,0.0,0.13892512082297703,0.08417720451091189,0.0,0.0,0.0,0.0,0.0,0.0,0.0,0.0,0.0,0.0,0.0
2021-03-19,0.08989195108592278,0.18725311879583317,0.35573123763739595,0.0,0.0,0.0,0.06320596444277833,0.0,0.0,0.0,0.0,0.0,0.0,0.3039177280380697,0.0,0.0,0.0,0.0
2021-03-26,0.05467447123330902,0.192068578820574,0.3790873269368317,0.0,0.0,0.0,0.06771275514955413,0.0,0.0,0.0,0.1375041142467937,0.0,0.0,0.0,0.0,0.1689527536129375,0.0,0.0
2021-04-02,0.06201760351952981,0.22793389187084567,0.4,0.0,0.0,0.0,0.15516780397474433,0.0,0.0,0.0,0.1548807006348802,0.0,0.0,0.0,0.0,0.0,0.0,0.0
2021-04-09,0.07526955786881603,0.10416635138707084,0.2721620424913343,0.0,0.0,0.0,0.0903071718357578,0.0,0.0,0.0,0.10430773256977534,0.0,0.0,0.35378714384724574,0.0,0.0,0.0,0.0
2021-04-16,0.10744777792041255,0.15981597375915738,0.4,0.0,0.0,0.17340560857541384,0.15933063974501613,0.0,0.0,0.0,0.0,0.0,0.0,0.0,0.0,0.0,0.0,0.0
2021-04-23,0.08074333486231149,0.1212805371417773,0.4,0.0,0.0,0.28069220704508296,0.11728392095082826,0.0,0.0,0.0,0.0,0.0,0.0,0.0,0.0,0.0,0.0,0.0
2021-04-30,0.0964886160726995,0.10705280096931932,0.39321431956812963,0.0,0.0,0.27111198548014454,0.13213227790970708,0.0,0.0,0.0,0.0,0.0,0.0,0.0,0.0,0.0,0.0,0.0
2021-05-07,0.06029785069366042,0.1458118953358897,0.4000000000000001,0.0,0.0,0.23936640989960825,0.09231761637614604,0.0,0.0,0.0,0.0,0.0,0.06220622769469558,0.0,0.0,0.0,0.0,0.0
2021-05-14,0.03837972965140004,0.09979736486773899,0.28588635011001,0.0859519868078842,0.0,0.12430285753667478,0.0502789017032082,0.0,0.10208988713872974,0.0,0.0,0.10333778435316572,0.0,0.0,0.0,0.10997513783118819,0.0,0.0
2021-05-21,0.034649046222158066,0.12317060847596666,0.2551958951197359,0.0,0.0,0.06722099496572793,0.03885662013636101,0.0,0.16985033179704495,0.0755818989708206,0.0,0.15077953229486918,0.0,0.0,0.08469507201731574,0.0,0.0,0.0
2021-05-28,0.023861132001675806,0.0534078158073265,0.22850964827817294,0.0,0.0,0.03947773001984655,0.0,0.07487133902103084,0.11423756036348118,0.0,0.03175551561836184,0.1125838767989787,0.08420189456627979,0.0,0.07459785875452832,0.08269769035645613,0.0797979384138612,0.0
2021-06-04,0.03217911790822735,0.05470466934599074,0.20731144014256864,0.0,0.0,0.0897218918473139,0.0,0.09210905232089521,0.12756317630755443,0.06802632040846629,0.02625049345675947,0.13262951722888178,0.09359023229400432,0.0,0.0,0.07591408873933772,0.0,0.0
2021-06-11,0.024931909753850602,0.04491213000968147,0.131440380335659,0.0,0.0,0.059100129056879315,0.0,0.06990693110865874,0.14905234823287386,0.0692204741269917,0.0,0.12842778335941468,0.08264651325815327,0.08127980829694288,0.09032092267750089,0.06876066978339371,0.0,0.0
2021-06-18,0.02162828613393877,0.05104815283086248,0.1167940973243415,0.06813954841099842,0.0,0.06937766260913576,0.0,0.10666002464383727,0.1296571565271672,0.08132906528053784,0.0,0.11492305778417075,0.0,0.14503803492352593,0.0,0.09540491353148405,0.0,0.0
2021-06-25,0.046668961969266884,0.08259885691260864,0.12113677108609333,0.09630464483276999,0.0,0.12179817705303277,0.0,0.0733537880065885,0.13118300521638343,0.0,0.0,0.12691317879202313,0.09113565028446848,0.0,0.0,0.10890696584676485,0.0,0.0
2021-07-02,0.05819646680939987,0.097148799995229,0.16286695563692646,0.1303451866031727,0.0,0.22921289698856215,0.0,0.0,0.16101114467313174,0.0,0.0,0.16121854929357815,0.0,0.0,0.0,0.0,0.0,0.0
2021-07-09,0.07649167167693388,0.09413992460205313,0.15907011650166916,0.0,0.0,0.2025724791381539,0.0,0.07801628877457863,0.18620079214323898,0.0,0.0,0.11890634624805656,0.08460238091531565,0.0,0.0,0.0,0.0,0.0
2021-07-16,0.06976250689673157,0.13225498456230755,0.1965829929218257,0.0,0.0,0.22566643891466623,0.0,0.1089025656401393,0.0,0.0,0.0,0.1320861666722339,0.0,0.0,0.0,0.0,0.13474434439209573,0.0
2021-07-23,0.0,0.0,0.2109714884117977,0.0,0.0,0.08323386954934314,0.0,0.0,0.19345325977951905,0.0,0.0,0.20003744406972473,0.0,0.0,0.22097786738615857,0.0,0.09132607080345677,0.0
2021-07-30,0.020762724772413803,0.0,0.08312821578170469,0.0,0.04002377746548616,0.0,0.0,0.0602968031709168,0.11742671610474716,0.0,0.0,0.11935919532755707,0.1273939150699182,0.06615251571265254,0.2605778121284972,0.0642675982529117,0.0,0.04061072621319485
2021-08-06,0.02595887716061812,0.0,0.07921944580322098,0.0,0.10973275645299688,0.07723788270633344,0.0,0.09673031177248302,0.12605865802061766,0.0,0.0,0.115299271814902,0.0,0.0,0.19448176898865413,0.11994320790622254,0.0,0.05533781937395131
2021-08-13,0.0,0.031033790090798423,0.0,0.0,0.1921181714073784,0.08110661471639839,0.0,0.09107944668899275,0.06688105180597155,0.0,0.0,0.1262093254623525,0.08889886389446115,0.0,0.2124787949015865,0.1101939410320602,0.0,0.0
2021-08-20,0.06466102190180448,0.119582515452722,0.07283098474786663,0.0,0.0,0.20498769883206833,0.0,0.2940207055001577,0.0,0.0,0.0,0.0,0.0,0.0,0.0,0.13465584765668243,0.1092612259086985,0.0
2021-08-27,0.0622017937305835,0.05566937224908171,0.07119566644775688,0.1958291082356334,0.0,0.06892372757483041,0.0,0.2512746830143082,0.0,0.0,0.0,0.0,0.0,0.0,0.0,0.15830221882413711,0.13660342992366883,0.0
2021-09-03,0.08920818482118419,0.1062642795750489,0.0,0.0,0.0,0.09849814875311262,0.0,0.3351823169451696,0.0,0.0,0.0,0.0,0.0,0.0,0.0,0.2243941288809218,0.14645294102456283,0.0
2021-09-10,0.05891419882415862,0.05530709345866072,0.0,0.16879436916524285,0.0,0.2705207272085109,0.0,0.21238655627066413,0.0,0.0,0.0,0.0,0.0,0.0,0.0,0.16666017712794678,0.067416877944816,0.0
2021-09-17,0.15035144478184737,0.0,0.0,0.0,0.0,0.3327570764007918,0.0,0.23049903582738332,0.0,0.1849149394941021,0.0,0.0,0.0,0.0,0.0,0.0,0.10147750349587543,0.0
2021-09-24,0.3544652372873557,0.24553476271264438,0.0,0.0,0.0,0.4,0.0,0.0,0.0,0.0,0.0,0.0,0.0,0.0,0.0,0.0,0.0,0.0
2021-10-01,0.2236010637958472,0.12977806841041925,0.0,0.0,0.0,0.3564161848236292,0.0,0.29020468297010443,0.0,0.0,0.0,0.0,0.0,0.0,0.0,0.0,0.0,0.0
2021-10-08,0.18716544112925868,0.06971662216895243,0.0,0.0,0.0,0.24281051857837632,0.0,0.26502953058275563,0.0,0.0,0.0,0.0,0.0,0.0,0.23527788754065684,0.0,0.0,0.0
2021-10-15,0.0470038663405499,0.0,0.0,0.0,0.0,0.07369256462155471,0.0,0.16209124989333876,0.174962678768186,0.09697126143203184,0.054556094288788666,0.0,0.09588533226846455,0.0,0.14929589734148338,0.14554105504560227,0.0,0.0
2021-10-22,0.03416183979001859,0.0,0.0355403341097148,0.0,0.0663064062090916,0.06918824282400485,0.0,0.12524079977504177,0.17554050357208453,0.0,0.05570981629418536,0.0,0.12416327196793336,0.06898964942509907,0.12084314895433951,0.12431598707848637,0.0,0.0
2021-10-29,0.03423109576154563,0.0,0.08642155354562024,0.0,0.05282543296477469,0.05764101756369107,0.0,0.10937065418418296,0.13017318235330624,0.054857322563059835,0.051496700550451656,0.08173568004195152,0.07487214681939018,0.0,0.14726928599573502,0.11910592765629083,0.0,0.0
2021-11-05,0.036686172223482034,0.0,0.15806232395118752,0.12007620585989143,0.0944638849138447,0.10815172962290381,0.0,0.0961103017127491,0.13028561482375364,0.0,0.0,0.0,0.09904657369429216,0.0,0.05425653189554256,0.10286066130235291,0.0,0.0
2021-11-12,0.035770988451531836,0.04942127961880535,0.17707772834732372,0.09057649573620916,0.12453773493453785,0.08816080967691932,0.0,0.13191839036030917,0.13183552365911275,0.0,0.0,0.0,0.0,0.0,0.05168680226359051,0.11901424695166016,0.0,0.0
2021-11-19,0.0,0.029262017784197764,0.13634672722856436,0.1028125030037814,0.18681048471624828,0.04747683724744651,0.0,0.15250827085348814,0.1275560069702495,0.0,0.0,0.06837218258539038,0.0,0.0,0.0,0.10846162610832732,0.0,0.04039334350230643
2021-11-26,0.028890177863555928,0.0,0.13829868028784012,0.08912590594565484,0.19018447288147355,0.06709119361204748,0.0,0.07168966555079637,0.10538297492977701,0.0,0.0,0.09286976706622069,0.0,0.0,0.07029558316606528,0.08521166747758868,0.0,0.060959911218979985
2021-12-03,0.0,0.0,0.10614011063175575,0.049634180088259594,0.16498188313027037,0.06229035147111948,0.0,0.07734718152879622,0.14667265457079107,0.0647338062964193,0.0,0.07206024391703325,0.08708297420579002,0.0,0.07719163666174295,0.09186497749802204,0.0,0.0
2021-12-10,0.0,0.0,0.07035001191901233,0.050266600711073035,0.18661564490967378,0.13000212341412487,0.0,0.1159849020147835,0.1340530606983367,0.0,0.0,0.0,0.0,0.0,0.1312421011136296,0.14542683156745725,0.036058723651908944,0.0
2021-12-17,0.021720690014153412,0.0,0.06789838816752762,0.026030154426108672,0.2520562207875576,0.06942792930106513,0.0,0.04135193247383872,0.06560023697704963,0.07304719312659247,0.0,0.10966263047590573,0.06813120488314711,0.0,0.14210322885468793,0.06297019051236584,0.0,0.0
2021-12-24,0.025150147470150715,0.0,0.0998103877867091,0.034701051406841,0.20642531976526554,0.08002334721638232,0.0,0.04947755816591833,0.07565083237803134,0.0,0.028787169329639553,0.09482830415036375,0.09038873105088635,0.0,0.15731919754721424,0.05743795373259773,0.0,0.0
2021-12-31,0.023463015349404873,0.0,0.07667088290075155,0.07786852295248331,0.15932703877655538,0.04566713781519587,0.0,0.04397662670294799,0.06391265542652784,0.08979402264173135,0.03160224722956881,0.10134579694913907,0.0,0.0,0.19456477905659308,0.06955999688072703,0.0,0.02224727731837389
2022-01-07,0.024160919757436207,0.0,0.10680278927855022,0.0,0.17683089282197184,0.02480972167057342,0.0,0.05287033702524047,0.04947498104854707,0.11013715863405946,0.027131286124757303,0.0981143378385645,0.07217027094106297,0.0,0.1810273729834872,0.05316493143348046,0.0,0.02330500044226896
2022-01-14,0.022221390794658322,0.0,0.12358666936790168,0.0,0.096412244967926,0.025160423793207702,0.0,0.12672189872751416,0.08027505383336966,0.12281388028489111,0.03967445339453896,0.0732153959300738,0.0,0.0,0.18023517228061958,0.07214293559419849,0.0,0.03754048103110063
2022-01-21,0.022950574793646133,0.0,0.1255456452194342,0.036726905687217766,0.12291413167463673,0.026814833469061675,0.0,0.0970933740652235,0.08519063193419092,0.10011278963711741,0.025914022215923854,0.09789166240589918,0.0,0.0,0.15804063051516717,0.10080479838248119,0.0,0.0
2022-01-28,0.0461616216936934,0.0,0.1773504821750625,0.0,0.18059753069026172,0.15472486136357644,0.0,0.07337008260967776,0.0,0.17212873018766975,0.057241880638294045,0.0,0.0,0.0,0.0,0.1384248106417644,0.0,0.0
2022-02-04,0.046182976633502286,0.0,0.1848315689953747,0.0,0.21200328557355655,0.08876153388511805,0.0,0.10717040728559193,0.0,0.12483689662063414,0.07615355671910244,0.0,0.0,0.0,0.0,0.12812693038147838,0.03193284390564164,0.0
2022-02-11,0.041732907959094595,0.0,0.15967813812255308,0.044991063918417666,0.2601433689703436,0.07691180686940112,0.0,0.14762769032877515,0.0,0.13427288998443357,0.0,0.0,0.0,0.0,0.0,0.07996064229871969,0.054681491548261435,0.0
2022-02-18,0.02316198759281544,0.0,0.1975206579708844,0.03211335606914146,0.24040699307340074,0.06934318137383991,0.0,0.11177127842453628,0.0,0.13655489398808257,0.0,0.0,0.0,0.0,0.0,0.10484340305055309,0.05152021913254107,0.032764029324205135
2022-02-25,0.043562425298707914,0.0,0.3133180673627908,0.06511281466410601,0.15178706853123428,0.06381933491201897,0.0,0.13352095640506242,0.0,0.12665265912603244,0.0,0.0,0.0,0.0,0.0,0.0,0.10222667370004705,0.0
2022-03-04,0.0,0.0,0.2915732167523578,0.08081146741817948,0.14082025785972652,0.09060705429368987,0.0,0.12414939633625681,0.0,0.15651258791999287,0.0,0.0,0.0,0.0,0.0,0.0,0.1155260194197967,0.0
2022-03-11,0.0,0.0,0.24611555851557076,0.09163163636228198,0.2316057095687538,0.08966640740465467,0.0,0.10972709927161725,0.0,0.1524530663412655,0.0,0.0,0.0,0.0,0.0,0.0,0.07880052253585604,0.0
2022-03-18,0.0,0.0,0.26278636707517994,0.13218203446485788,0.13423826102450256,0.14947383650491944,0.0,0.0858615773294377,0.0,0.1833329603172815,0.0,0.0,0.0,0.0,0.0,0.0,0.052124963283820915,0.0
2022-03-25,0.0,0.0,0.3267013324028534,0.0,0.3374012629226192,0.15598508514349643,0.0,0.17991231953103096,0.0,0.0,0.0,0.0,0.0,0.0,0.0,0.0,0.0,0.0
2022-04-01,0.0,0.0,0.2553645895005135,0.06639574208821708,0.3117892522959637,0.2193972365084734,0.0,0.14705317960683223,0.0,0.0,0.0,0.0,0.0,0.0,0.0,0.0,0.0,0.0
2022-04-08,0.0,0.0,0.2803154291563912,0.07530852288310595,0.1972777680714128,0.25317666633396274,0.0,0.10074096522481857,0.0,0.0,0.0,0.0,0.0,0.0,0.04190316434113524,0.0,0.0,0.05127748398917353
2022-04-15,0.0,0.0,0.3538448090048204,0.0,0.37284031466018236,0.27331487633499724,0.0,0.0,0.0,0.0,0.0,0.0,0.0,0.0,0.0,0.0,0.0,0.0
2022-04-22,0.0,0.0,0.26135341498969,0.10424116679914859,0.33109884986870936,0.303306568342452,0.0,0.0,0.0,0.0,0.0,0.0,0.0,0.0,0.0,0.0,0.0,0.0
2022-04-29,0.0,0.0,0.21424613102894915,0.15527583086231225,0.23250844809743873,0.2736462310504343,0.0,0.1243233589608656,0.0,0.0,0.0,0.0,0.0,0.0,0.0,0.0,0.0,0.0
2022-05-06,0.0,0.0,0.2897034716290048,0.057381035439581535,0.12113914402086572,0.11683608581760001,0.0,0.20295941275105636,0.0,0.13098276411633417,0.0,0.0,0.0,0.0,0.0,0.0,0.08099808622555747,0.0
2022-05-13,0.0,0.0,0.3215672438062811,0.17896074447669036,0.23810967527448945,0.0,0.0,0.17218221758720045,0.0,0.0,0.0,0.0,0.0,0.0,0.0,0.0,0.08918011885533873,0.0
2022-05-20,0.0,0.0,0.2156766666528304,0.07449878926788832,0.16272313161603438,0.0,0.0,0.2155901252593656,0.0,0.24252892604734844,0.0,0.08898236115653292,0.0,0.0,0.0,0.0,0.0,0.0
2022-05-27,0.0,0.0,0.21756990963468423,0.07591929374957532,0.3349709842079369,0.0,0.0,0.09554872968244463,0.0,0.09177527661799303,0.0,0.0,0.0,0.1842158061073658,0.0,0.0,0.0,0.0
2022-06-03,0.0,0.0,0.13040183732593819,0.05342655954412182,0.23263942706014487,0.0,0.0,0.11464224304342699,0.04868870389252833,0.04859484860648587,0.0,0.049971869717418516,0.047554365474388086,0.21601735335719852,0.0,0.05806279197834885,0.0,0.0
2022-06-10,0.0,0.0,0.19241325024177636,0.07014701069827214,0.21172501576146577,0.0,0.0,0.10877187897335104,0.0,0.06452321408370656,0.0,0.0549952270661053,0.04727231532907548,0.179267512847153,0.0,0.0708845749990945,0.0,0.0
2022-06-17,0.0316080105552162,0.0,0.16374385147736553,0.12851361365200178,0.4003946618987102,0.0,0.0,0.11622716529507357,0.0,0.0746984348921229,0.0,0.0,0.0,0.0,0.0,0.0848142622295099,0.0,0.0
2022-06-24,0.0,0.0,0.16773356360443908,0.09789375887237983,0.2394754031488529,0.02937789781786376,0.0,0.11760112003932303,0.06678274802851608,0.056191989459192834,0.0,0.06214424716904698,0.07743478254147478,0.0,0.0,0.08536448931891058,0.0,0.0
2022-07-01,0.0,0.020441642371425532,0.11761736038017642,0.0999211324156473,0.22964984207953962,0.026848852692003745,0.0,0.10736143410579604,0.06254606954093403,0.044576102010690184,0.0,0.049299325660280814,0.07095315415833084,0.04330572376820372,0.0,0.09760079701492254,0.02987856380204916,0.0
2022-07-08,0.0,0.020952935371327447,0.11244805649457934,0.06613205810744407,0.29278365633846937,0.0,0.0,0.14812314781087577,0.07166538550660617,0.05331375173307331,0.0,0.07512911050336107,0.06645958613082856,0.0,0.0,0.09299231200343482,0.0,0.0
2022-07-15,0.0,0.03211304563606377,0.11473750156582226,0.0416988811918645,0.3016582905900629,0.0,0.0,0.13912343275243716,0.04022166147189772,0.08967560020663073,0.0,0.0,0.0705001283538687,0.0,0.0,0.13004034806281015,0.04023111016854216,0.0
2022-07-22,0.0,0.042387266133130534,0.19906286351789315,0.11641134519523881,0.33549735607212333,0.03898053779258143,0.0,0.10589537191001104,0.0,0.0686186014341516,0.0,0.0,0.0,0.0,0.0,0.09314665794487006,0.0,0.0
2022-07-29,0.0,0.0,0.21755352708573353,0.1026595057971834,0.21762911078949485,0.0,0.0,0.07284918124746134,0.0,0.05490980201748641,0.0,0.0,0.0,0.28388943147200546,0.0,0.05050944159063493,0.0,0.0
2022-08-05,0.0,0.0,0.18473250966166277,0.14786046802756098,0.14360386025932556,0.028744465035238895,0.0,0.08407935763379264,0.04214084887925406,0.062118407727666136,0.0,0.0689065283481095,0.04101186109736286,0.15280665705959448,0.04399503627043205,0.0,0.0,0.0
2022-08-12,0.0,0.0,0.10366740328660073,0.1946493680221732,0.1450190684726001,0.0,0.0,0.05488234547371222,0.0,0.04840231037883589,0.0,0.07265811336170573,0.0,0.26136501701798837,0.06310302106697584,0.0,0.05625335291940782,0.0
2022-08-19,0.0,0.0,0.10188301298231549,0.21661279845483603,0.1517569328061768,0.0,0.0,0.07780158268225863,0.0,0.05990685888201939,0.0,0.06307428046294615,0.0,0.2178525591141593,0.06397416363993978,0.0,0.047137810975348575,0.0
2022-08-26,0.0,0.031019224680960897,0.13318170810138213,0.18653123521495435,0.11067702848824137,0.0,0.0,0.06538689173819856,0.0,0.07621714632854092,0.0,0.06839152567884625,0.034483157496545555,0.1927291243379158,0.04588672970709671,0.0,0.055496228227317604,0.0
2022-09-02,0.0,0.04043363542356808,0.22548893571525133,0.06245558227890869,0.13767972012165927,0.0,0.020443612753056478,0.08165999742594364,0.07346539611822153,0.06472647878759874,0.0,0.06418321103818572,0.0,0.18944813535284064,0.0400152949847658,0.0,0.0,0.0
2022-09-09,0.03621416861969533,0.04299227442947511,0.2247915981388032,0.06685468248944305,0.149547148362483,0.0,0.024901873409797663,0.1092455128096606,0.0,0.0,0.0,0.06251006128757476,0.0,0.16360994762891629,0.04484903440437674,0.0,0.07448369841977413,0.0
2022-09-16,0.03467544015582791,0.03145499557585791,0.19948936038267165,0.08875616631629753,0.17605284621545444,0.0,0.0,0.08478228686688424,0.0,0.0,0.0,0.05863838425928318,0.0,0.15406407630302993,0.05375434685230291,0.05588377055783185,0.062448326514558464,0.0
2022-09-23,0.05404533098327154,0.03730403755814296,0.10173086862779092,0.1421878364081515,0.14525768534077693,0.0,0.03403688195775797,0.08089415346742908,0.0,0.06107265390831925,0.0,0.07077568946188181,0.0,0.17135466297809113,0.047291443155015496,0.0,0.054048756153371506,0.0
2022-09-30,0.04919703483636247,0.03608514984279115,0.08606853935480593,0.15929429731553083,0.1347436019130901,0.0,0.02543665272965964,0.07719280579130063,0.0,0.05660474337966091,0.0,0.07521903709650693,0.0,0.2703281912680876,0.0,0.0,0.029829946472203876,0.0
2022-10-07,0.0492947470877932,0.0,0.12470892590633119,0.06095402987563215,0.16465221258781898,0.0,0.0,0.08560036053221459,0.059368874125275146,0.0,0.0,0.06490876489563854,0.0,0.27429486235751127,0.030222453325153432,0.045334805291686285,0.040659964014945246,0.0
2022-10-14,0.025768151485154465,0.0,0.1394836174068667,0.04652373222739109,0.18838116941946484,0.0,0.0,0.07178902835846354,0.07376634701223428,0.04456935081613409,0.0,0.0746002778843703,0.04532117295972059,0.15863216104278025,0.025765568725830194,0.04277936009702575,0.06262006256456384,0.0
2022-10-21,0.05997037774862007,0.03307379100296508,0.12283414464258875,0.13665351058249742,0.27167037399237415,0.0,0.0,0.11130884988139862,0.0,0.0,0.0,0.06410842403286482,0.0,0.0,0.05170631403242537,0.06713140325588608,0.08154281082837965,0.0
2022-10-28,0.056192305148623854,0.04538396123514516,0.13335682957526815,0.2432692606290352,0.302605428133469,0.0,0.0,0.11466266800367689,0.0,0.0,0.0,0.0,0.0,0.0,0.1045295472747817,0.0,0.0,0.0
2022-11-04,0.056995112538741656,0.06334980236303284,0.0,0.33794655013360303,0.20717092661128073,0.1323442086437863,0.0,0.2021933997095555,0.0,0.0,0.0,0.0,0.0,0.0,0.0,0.0,0.0,0.0
2022-11-11,0.06961952953881018,0.07928454572086209,0.13035521326289373,0.2616821431861354,0.0,0.22710734007392508,0.0,0.2319512282173734,0.0,0.0,0.0,0.0,0.0,0.0,0.0,0.0,0.0,0.0
2022-11-18,0.0895569587233578,0.13286229944616804,0.0,0.19707916053770197,0.0,0.1843282098895225,0.0,0.19027303722139985,0.0,0.12737901861874862,0.07852131556310118,0.0,0.0,0.0,0.0,0.0,0.0,0.0
2022-11-25,0.07297762830043136,0.08190377705808718,0.14334085851745096,0.0,0.0,0.08059704297114959,0.0,0.13866996836146187,0.05418084239754749,0.13725912714409774,0.0,0.0,0.0,0.0,0.0367170353475281,0.13229771338032842,0.1220560065219174,0.0
2022-12-02,0.06755590361019527,0.07650209629355946,0.17005405348730876,0.0,0.0,0.15780304603207643,0.0,0.11114529667823683,0.0,0.16010443902172317,0.038282183438440316,0.0,0.0,0.21855298143845986,0.0,0.0,0.0,0.0
2022-12-09,0.06851230800151524,0.07230710776008595,0.1541408381514358,0.12122849194865888,0.0,0.14724899330515256,0.0,0.15236493624782615,0.0,0.11842972733275489,0.0,0.0,0.0,0.16576759725257056,0.0,0.0,0.0,0.0
2022-12-16,0.057862860465759725,0.07326755806097718,0.11910286990320039,0.08213131051182482,0.0,0.09365602914345421,0.0,0.13268123362135545,0.045332716169629354,0.1465247502969213,0.0,0.0,0.07149807934340342,0.0,0.0,0.08343038316854746,0.09451220931492674,0.0
2022-12-23,0.024108707463966154,0.08504379554476245,0.11733783685282193,0.10630914451556397,0.07409346911796716,0.07532704261449691,0.0,0.1360379625640537,0.0,0.11223820095504897,0.0,0.0,0.07659259464335484,0.0,0.0,0.07063157880249896,0.12227966692546509,0.0
2022-12-30,0.02154374018485827,0.034535605860967954,0.1403742186845865,0.11851153384554003,0.12162210213619078,0.04712827843750388,0.0,0.13496600977032472,0.07123493720630672,0.08177669814431107,0.0,0.07325651216304277,0.04054878423616623,0.0,0.0,0.06069037400669395,0.053811205323506986,0.0
2023-01-06,0.0338888744974914,0.0535263027808896,0.1405190522097385,0.11773729396943491,0.12408064605229618,0.06650866661628016,0.0,0.10913137213809898,0.07274159786083617,0.06837472849332214,0.057736598844114174,0.06986000136079996,0.0,0.0,0.0,0.0,0.0858948651766981,0.0
2023-01-13,0.021006607561248242,0.024142946236970313,0.1942620815472543,0.07328074243631401,0.1020186012247131,0.0,0.0,0.14865599528984802,0.0562412915914172,0.09134398645286618,0.0,0.07489105612615526,0.051027018420886784,0.0,0.0,0.07899446390530002,0.0841352092070266,0.0
2023-01-20,0.021224282096939284,0.0,0.128981283967921,0.07641468041379809,0.0,0.03114682833067382,0.0,0.13431195860032608,0.1153466793764408,0.12373053810608625,0.0,0.0825874156430691,0.09025663348622305,0.0,0.022577601812018438,0.1024810710901322,0.07094102707637191,0.0
2023-01-27,0.021620083702513167,0.021058494203415747,0.15433983678780816,0.0,0.09390474082456807,0.03631840161717157,0.0,0.13944607931616515,0.06895534189982062,0.11412413381557678,0.0,0.07298685019181966,0.05957363986828431,0.0,0.0,0.12500204167617643,0.09267035609668017,0.0
2023-02-03,0.0,0.022824284470948423,0.12656668382589265,0.0,0.15625687805481359,0.0,0.0,0.15168640405157882,0.09640471594554786,0.12478357936987441,0.0,0.073914662058601,0.06869502364532233,0.0,0.0,0.10503940009994991,0.0738283684774709,0.0
2023-02-10,0.0,0.0,0.13707956405762928,0.0,0.12874860017968826,0.02325689976873618,0.0,0.11278024420145256,0.07856511987187362,0.10433913011149491,0.0,0.06297467388064638,0.08340285676824531,0.10087383770818822,0.02591576185970538,0.07468495799773948,0.06737835359460036,0.0
2023-02-17,0.0,0.02781194889607857,0.1458648348793852,0.04796539738631147,0.21440263367923354,0.06241837017490933,0.0,0.11137432348964613,0.07407168600428447,0.0674098862211765,0.0,0.040072701351905236,0.07663179085882828,0.0,0.0,0.08920898781380464,0.04276743924443657,0.0
2023-02-24,0.0,0.0,0.08273078994924143,0.0,0.13001346965086052,0.09371756512945108,0.0,0.13078888516108153,0.1263917177775909,0.09844260125140844,0.0,0.08008126018355696,0.11032889991108899,0.0,0.0,0.07935865294047147,0.06814615804524882,0.0
2023-03-03,0.02020374216953875,0.0,0.11135835668371996,0.0,0.12694739060294652,0.06677068026551787,0.0,0.08056686609743735,0.10991943297392358,0.10600421368833624,0.0,0.14467916129646174,0.12122660264285347,0.0,0.0,0.06671485336151951,0.04560870021774494,0.0
2023-03-10,0.05230537077115025,0.0,0.1626962864708434,0.0,0.16895194770607985,0.0,0.0,0.0,0.0877533470816412,0.17240335608603302,0.0,0.1542754197157257,0.0,0.0,0.0,0.12351290626713987,0.07810136590138661,0.0
2023-03-17,0.04330225840664995,0.023138081136506342,0.15626302341113957,0.0,0.20012140037849088,0.0,0.0,0.07213625374574943,0.07641543291511525,0.09437904897875053,0.044702530130601964,0.0,0.0,0.0,0.0992246877333543,0.13608552552258377,0.05423175764105793,0.0
2023-03-24,0.07210834717305452,0.03179429902238858,0.24452184894009804,0.16851581251352088,0.0,0.0,0.0,0.14193999490334394,0.0,0.07080146874377169,0.0,0.0,0.0,0.0,0.0,0.20797001331588558,0.0,0.06234821538793671
2023-03-31,0.03488763604023178,0.0,0.1703583320594519,0.10889203895809131,0.11061899432682536,0.05486749804509439,0.0,0.09770917245856489,0.0,0.08186337006863796,0.0409052546592871,0.12402021496902707,0.0,0.0,0.09307145344722402,0.08280603496756424,0.0,0.0
2023-04-07,0.03421418574307928,0.024766167912845825,0.13377258805029388,0.10999238448316533,0.07849032271383073,0.051858551780467,0.0,0.075478571349973,0.10115007544061114,0.10094034426261637,0.08114888353011318,0.0,0.0,0.0,0.11911851335125166,0.08906941138175234,0.0,0.0
2023-04-14,0.02573147938569833,0.0,0.11229093562972758,0.045293428563238716,0.11914727720314658,0.03448092702338889,0.0,0.08925034229422665,0.0825215935070368,0.055852119737141784,0.04368746187047161,0.12038538238953567,0.0946373489306893,0.0,0.10221659547201065,0.05352515479370185,0.0,0.020979953199985534
2023-04-21,0.04576097383524662,0.022784815465206776,0.12509152771356336,0.09621821818772734,0.17891152194001356,0.035622434886518194,0.0,0.11085008924730368,0.09472835525897577,0.0,0.06732647698149859,0.0,0.0,0.0,0.09915872619894116,0.09213174194167516,0.0,0.03141511834332989
2023-04-28,0.024931348445383257,0.0,0.1283378572043562,0.057283363825101956,0.09678825973471092,0.0,0.0,0.08498419401118014,0.10580371290756925,0.03701263340594113,0.04735598688411022,0.08080980068090256,0.11175775663283286,0.0,0.11072740411906595,0.08325969996970263,0.0,0.030947982179142974
2023-05-05,0.02348478228078134,0.0,0.09658985849398596,0.0,0.11472331135835807,0.026444174824752493,0.0,0.1034653248059827,0.09764815259345395,0.039011126404716344,0.0454004488622784,0.10736434121163957,0.13322407747954224,0.0,0.12406776453083183,0.08857663715367717,0.0,0.0
2023-05-12,0.027565278436501073,0.0,0.0908054356145454,0.0,0.07398115988386926,0.06259144698649444,0.0,0.1077600782153503,0.10069174205080059,0.06717668995084795,0.037210206883733686,0.10378405243487186,0.11029661040036749,0.0,0.11953732479404552,0.0985999743485725,0.0,0.0
2023-05-19,0.0,0.0,0.10527725157809617,0.0,0.06117802488936548,0.05325587624538929,0.0,0.12433084435278728,0.10750901984253633,0.09194222671078386,0.04203855553808596,0.12326607493784551,0.09285046286840178,0.0,0.11117708120675852,0.08717458182994982,0.0,0.0
2023-05-26,0.026241553104959143,0.0,0.10050676603925322,0.0,0.042757322705182094,0.05703568363215512,0.0,0.10363811331959279,0.14073491129700463,0.09835431293274471,0.042972625105676863,0.09551647172468081,0.076532596623773,0.0,0.11514073931632277,0.10056890419865487,0.0,0.0
2023-06-02,0.02524580550657979,0.0,0.08093955330631769,0.0,0.08102005647592789,0.07613631095545582,0.0,0.12624686679100766,0.12303486839439251,0.08448898876215676,0.057165544727979044,0.06969534512346205,0.08173796334106428,0.0,0.1035521245298035,0.09073657208585299,0.0,0.0
2023-06-09,0.0,0.023554669743356335,0.139384031375394,0.0,0.10223790883595447,0.04203745116551201,0.0,0.1111062511764156,0.09556540790660119,0.06280725393749631,0.05332715653442442,0.05238441777357379,0.09547400669152642,0.0,0.10588554191948892,0.11623590294025646,0.0,0.0
2023-06-16,0.027183845020999582,0.031035374959567232,0.19056845778751608,0.0,0.10996431747405354,0.04711508118970405,0.0,0.0,0.2048349333905641,0.0,0.06458247776332571,0.0,0.0,0.0,0.1774768957330477,0.1472386166812222,0.0,0.0
2023-06-23,0.03977660090860466,0.022508912883290582,0.16358722769667416,0.0,0.11893094672148267,0.030323230947747363,0.0,0.11965795743664055,0.15821489342482833,0.0,0.08406315137591334,0.0,0.0,0.0,0.14969511009264935,0.113241968512169,0.0,0.0
2023-06-30,0.025740101841311386,0.05243615024196529,0.12428737280381384,0.0,0.11518592469696143,0.03928291820661515,0.0,0.11748214477552382,0.17240287568610368,0.0,0.10014435136321187,0.0,0.0,0.0,0.16208396680756643,0.09095419357692697,0.0,0.0
2023-07-07,0.0,0.03538131044930025,0.10164723997161242,0.0,0.07532523162194657,0.0,0.0,0.13510563427373554,0.12800849891540728,0.0,0.08067755150453397,0.09542070663403575,0.11462160964392297,0.0,0.10318754011455317,0.08001663823269012,0.050608038638261896,0.0
2023-07-14,0.02895927014279862,0.046146106861248155,0.0982981770769199,0.0,0.09256143866061768,0.0,0.0,0.12527835365170906,0.1254660161909499,0.0,0.06630641226021929,0.09412172183513033,0.08675565587619181,0.0,0.1539238513633655,0.08218299608084993,0.0,0.0
2023-07-21,0.03520826907220141,0.033948985963357964,0.0830479718939972,0.0,0.07543224326400459,0.0,0.0,0.12479608554826527,0.14554367183861447,0.0,0.06866959684930868,0.08842144568137328,0.10298309388166162,0.0,0.10843552392547469,0.07462692097712618,0.058886191104614835,0.0
2023-07-28,0.03230998687477127,0.053681622408024564,0.11251893747982311,0.0,0.08627218676544089,0.02093454245334087,0.0,0.1243905848106104,0.11275354459318983,0.0,0.04579820222332867,0.07802352353471091,0.11567048756234588,0.0,0.11929829258068744,0.09834808871372615,0.0,0.0
2023-08-04,0.055020545171104114,0.05253232788646771,0.10601243537662747,0.0,0.07905318244446374,0.0,0.0,0.0974706464190949,0.14161753181971315,0.0,0.09151680982753414,0.11110983077891205,0.12717988752237508,0.0,0.1384868027537075,0.0,0.0,0.0
2023-08-11,0.11945887342298087,0.0958084320944878,0.24167683762371367,0.0,0.04776756852734699,0.0,0.0,0.0,0.0,0.0,0.2520067167335734,0.0,0.0,0.0,0.24328157159789732,0.0,0.0,0.0
2023-08-18,0.052399661502014444,0.07918524918680357,0.16834044553302252,0.0,0.0,0.030248841092094716,0.0,0.0,0.15590523310271848,0.0,0.13725552797312773,0.16496221764793964,0.0,0.0,0.211702823962279,0.0,0.0,0.0
2023-08-25,0.0697167237270829,0.07772664555137633,0.2234406458550058,0.0,0.04921420122345015,0.05891903353636993,0.0,0.0,0.0,0.0,0.1645048990123809,0.0,0.0,0.0,0.22372699042057537,0.13275086067375869,0.0,0.0
2023-09-01,0.04518870705543345,0.0537846423627278,0.1578718188678265,0.0,0.10887993666604784,0.047450777639252005,0.0,0.0,0.13727340532130708,0.0,0.07897411709844318,0.0,0.13776864164810712,0.0,0.1615472954281287,0.07126065791272641,0.0,0.0
2023-09-08,0.04413717155070445,0.025372187035004268,0.1231264968040577,0.0,0.05972425703256276,0.04176676107713721,0.0,0.08202292702931636,0.11760835761684188,0.0,0.06921780876165881,0.10960333161407353,0.11978217311307773,0.0,0.1452005241292539,0.06243800423631139,0.0,0.0
2023-09-15,0.06879514952132865,0.03485754404588222,0.1743458810414539,0.0,0.0,0.10450608288471423,0.0,0.0,0.13160407343594088,0.0,0.07695060504230995,0.0,0.12882238639488974,0.19213461220389338,0.0,0.08798366542958709,0.0,0.0
2023-09-22,0.05034690306728944,0.0,0.11093020014612918,0.0,0.0,0.07258274578858215,0.0,0.07786571707829844,0.09651679628617425,0.0,0.05869109452401295,0.09582704211669799,0.08484337458966035,0.12681054440382103,0.14197750171706694,0.0836080802822672,0.0,0.0
2023-09-29,0.0669941731302123,0.0,0.15180709014488059,0.0,0.0796633262796193,0.09988476760664278,0.0,0.0,0.13649261546492067,0.0,0.1155406194533706,0.0,0.0,0.1826038171029173,0.16701359081743655,0.0,0.0,0.0
2023-10-06,0.05777962764400255,0.0,0.14979469532866094,0.0,0.12267934299378025,0.10570413328812413,0.0,0.0,0.1192918842546363,0.0,0.07255610247544844,0.0,0.0,0.23213456172464486,0.14005965229070264,0.0,0.0,0.0
2023-10-13,0.1123117070430852,0.0,0.0,0.0,0.1266467895641009,0.2693116057801014,0.0,0.0,0.0,0.0,0.16086435978555796,0.0,0.0,0.33086553782715455,0.0,0.0,0.0,0.0
2023-10-20,0.06215215279594892,0.03641569190687348,0.12531919147048523,0.07830676071392688,0.09098010354702336,0.21836682860361914,0.0,0.0,0.0,0.0,0.09663553076214496,0.0,0.0,0.2918237401999781,0.0,0.0,0.0,0.0
2023-10-27,0.08433634026057922,0.04983226803173411,0.08496194956180154,0.08773907795307805,0.11873849895411254,0.2373372268360454,0.0,0.0,0.0,0.0,0.07259406124919096,0.0,0.0,0.2644605771534581,0.0,0.0,0.0,0.0
2023-11-03,0.11553551969727649,0.07601722402762039,0.23811084205898467,0.0,0.11779753474808075,0.3408959855758455,0.0,0.0,0.0,0.0,0.11164289389219217,0.0,0.0,0.0,0.0,0.0,0.0,0.0
2023-11-10,0.15119846026889183,0.16413322833089034,0.0,0.0,0.1922490733817033,0.4000000000000001,0.0,0.0,0.0,0.0,0.0924192380185145,0.0,0.0,0.0,0.0,0.0,0.0,0.0
2023-11-17,0.08989132959943513,0.06877674833357661,0.2692744549015011,0.0,0.08869644881222463,0.2519442173393156,0.0,0.0,0.0,0.0,0.0,0.0,0.0,0.23141680101394693,0.0,0.0,0.0,0.0
2023-11-24,0.09140490017907874,0.08521802993521564,0.19953663504309052,0.0,0.07295869917757525,0.1892394652386185,0.034352747494115043,0.09861724219343804,0.0,0.0,0.0,0.0,0.0,0.2286722807388682,0.0,0.0,0.0,0.0
2023-12-01,0.13845711462253452,0.06292151362287005,0.14504505537973508,0.0,0.0,0.20300098266962568,0.0,0.0,0.0,0.143874214974936,0.0,0.0,0.0,0.3067011187302986,0.0,0.0,0.0,0.0
2023-12-08,0.11317964953538502,0.04363399055434792,0.1712562728403663,0.0,0.11588696894901254,0.19659761098672404,0.0,0.1017099768153526,0.0,0.0,0.0,0.0,0.0,0.2577355303188115,0.0,0.0,0.0,0.0
2023-12-15,0.13034511102153487,0.0588437077041387,0.17941304565013552,0.0,0.11044022624098897,0.21721667001198552,0.042141077825041215,0.1340734746116164,0.0,0.0,0.12752668693455865,0.0,0.0,0.0,0.0,0.0,0.0,0.0
2023-12-22,0.09601322262125178,0.06086898104295514,0.12648806306310797,0.0,0.05535222553640956,0.1095336799017958,0.0,0.06892556104696584,0.0,0.0943043443973896,0.12561950929601373,0.0,0.0,0.2628944130941106,0.0,0.0,0.0,0.0
2023-12-29,0.19096207785281882,0.16675312915154822,0.22674165034190227,0.0,0.0,0.1437440766181669,0.0,0.09427190802533077,0.0,0.0,0.17752715801023294,0.0,0.0,0.0,0.0,0.0,0.0,0.0
2024-01-05,0.19303090731026454,0.14495416344581546,0.30853181272377034,0.0,0.0,0.3534831165201497,0.0,0.0,0.0,0.0,0.0,0.0,0.0,0.0,0.0,0.0,0.0,0.0
2024-01-12,0.1829397502032239,0.15844235759972478,0.1958530676592874,0.0,0.0,0.2587942961374168,0.0,0.0,0.0,0.0,0.2039705284003471,0.0,0.0,0.0,0.0,0.0,0.0,0.0
2024-01-19,0.13553745012786983,0.08806271660136737,0.1956604156527336,0.0,0.0,0.16349224318079036,0.0,0.0,0.0,0.0,0.16383449555885485,0.0,0.0,0.25341267887838387,0.0,0.0,0.0,0.0
2024-01-26,0.15816289149020946,0.09007222287661418,0.26402216001655743,0.0,0.0,0.188982659749472,0.0,0.07281183944689487,0.0,0.0,0.22594822642025192,0.0,0.0,0.0,0.0,0.0,0.0,0.0
2024-02-02,0.16521278070876455,0.10048494363462308,0.22627438348919868,0.0,0.0,0.19594942929173514,0.049908052327322094,0.0,0.0,0.13170052299874815,0.13046988754960825,0.0,0.0,0.0,0.0,0.0,0.0,0.0
2024-02-09,0.14232267814068522,0.12014705275953978,0.1663343648751921,0.0,0.0,0.30956013349815276,0.05027992312603851,0.0,0.0,0.0,0.21135584760039175,0.0,0.0,0.0,0.0,0.0,0.0,0.0
2024-02-16,0.09507443597229162,0.10951949288214942,0.21163246015661338,0.0,0.0,0.19117468307046157,0.043430315892684195,0.0,0.0,0.0,0.1460201620045506,0.0,0.0,0.0,0.20314845002124915,0.0,0.0,0.0
2024-02-23,0.073652943438092,0.12314286354309827,0.24283735392297467,0.0,0.0,0.27924160622849226,0.0,0.0,0.0,0.0,0.09028097247550083,0.0,0.0,0.0,0.19084426039184202,0.0,0.0,0.0
2024-03-01,0.08933579528108153,0.1337720523786574,0.2891159146088302,0.0,0.0,0.3381551731189933,0.03905233440911883,0.0,0.0,0.0,0.11056873020331864,0.0,0.0,0.0,0.0,0.0,0.0,0.0
2024-03-08,0.061502263002767,0.13882271127478032,0.16223068974419932,0.0,0.17186341995288376,0.30006843970182195,0.0,0.0,0.0,0.1084638883902437,0.057048587933304015,0.0,0.0,0.0,0.0,0.0,0.0,0.0
2024-03-15,0.07207144973879488,0.18057547179481037,0.20476986727342905,0.0,0.19494042203610867,0.3476427891568569,0.0,0.0,0.0,0.0,0.0,0.0,0.0,0.0,0.0,0.0,0.0,0.0
2024-03-22,0.053733352447062746,0.09854521997647915,0.13606174486110723,0.0,0.14457423799061736,0.2984155061703514,0.0,0.09051170087133484,0.0,0.06762342578175741,0.06938022111479783,0.0,0.0,0.0,0.0,0.0,0.0,0.0411545907864921
2024-03-29,0.030424449259857055,0.08419765949746434,0.11328522239423862,0.0,0.16930929683365673,0.27777130498647734,0.0,0.0955923279215911,0.0,0.0,0.07816928533594505,0.0,0.0,0.0,0.129402495566605,0.0,0.0,0.021847958204164828
2024-04-05,0.06277707031195529,0.08028759910188225,0.1340417151572495,0.0,0.2726691736925962,0.29061661644986275,0.0,0.0,0.0,0.0,0.0,0.0,0.0,0.0,0.11234353440779014,0.0,0.0,0.04726429087866396
2024-04-12,0.056226284882977234,0.09349891663447063,0.12412205422218439,0.0,0.1900410466630067,0.24439512413042194,0.0,0.09470842795134302,0.0,0.07848466141993345,0.0,0.0,0.0,0.0,0.0,0.0,0.07795678274935913,0.040566701346303524
2024-04-19,0.06518183812424912,0.12616792574886723,0.1498211150525054,0.1088787706853894,0.13964695337736285,0.17747402897163536,0.0,0.0,0.0,0.09964961101702617,0.0,0.0,0.0,0.0,0.0,0.0,0.1331797570229645,0.0
2024-04-26,0.0439219245387265,0.05312183552549746,0.17713153931646522,0.11497933368755076,0.07495379876787109,0.1919067793848084,0.0,0.10365640239126256,0.0,0.04964776112473989,0.0,0.0,0.0,0.12889496954955904,0.0,0.0,0.0,0.06178565571351918
2024-05-03,0.059531040681055365,0.1068853377837245,0.1750774796749573,0.0,0.2057003302887824,0.17502805774363536,0.0,0.13861643162781456,0.0,0.0,0.0,0.0,0.0,0.13916132220003047,0.0,0.0,0.0,0.0
2024-05-10,0.07411993499700562,0.07816334600957292,0.137672404571608,0.0,0.3036520728983623,0.17556317939704463,0.0,0.12874789189456334,0.0,0.0,0.0,0.0,0.0,0.0,0.0,0.0,0.0,0.10208117023184315
2024-05-17,0.044637823679610646,0.055326846485260664,0.0,0.0,0.17430702180533222,0.13416297189248041,0.0,0.13146086235092005,0.12154383993886805,0.0,0.0,0.10104652272222663,0.0,0.07513254713631412,0.0,0.10201552738851187,0.0,0.060366036600475195
2024-05-24,0.042233368886375945,0.11454436124923126,0.0,0.0,0.2785232393402416,0.19534456404041153,0.0,0.14451959601458644,0.0,0.0,0.09807257429555692,0.0,0.0,0.0,0.0,0.12676229617359636,0.0,0.0
2024-05-31,0.02256568128358727,0.10795708085195047,0.0,0.15940966191338662,0.16849218787122472,0.19056064945062842,0.0,0.15699540593117714,0.07065704874960396,0.0,0.04102791928044539,0.0,0.0,0.0,0.0,0.08233436466799592,0.0,0.0
2024-06-07,0.02102150257560786,0.07220331692858868,0.0,0.09231050323446209,0.10669059250878733,0.09634484299288947,0.0,0.10802691460934179,0.0,0.0,0.0440121749871851,0.13545653738758714,0.08794894651199275,0.0,0.17531439385764616,0.06067027440591168,0.0,0.0
2024-06-14,0.03038743779796968,0.08132118343907392,0.13104623861632078,0.0,0.10972031405711895,0.1907112642452736,0.0,0.13007861805430262,0.0,0.0,0.038967119065552426,0.0,0.0,0.0,0.18482171549195922,0.10294610923242872,0.0,0.0
2024-06-21,0.045978025541884696,0.14017839958926281,0.17101958030494357,0.0,0.14366509922495557,0.2013260175709708,0.0,0.1578295907284131,0.0,0.0,0.0,0.0,0.0,0.0,0.0,0.14000328703956946,0.0,0.0
2024-06-28,0.03915738558833989,0.1018662366831532,0.13537527988437617,0.16370009484771206,0.12946107583947036,0.25405889675048815,0.0,0.11644463758517701,0.0,0.0,0.0,0.0,0.0,0.0,0.0,0.0,0.0,0.05993639282128316
2024-07-05,0.0440065446128876,0.08822773204315065,0.2625556323796761,0.0,0.129519150669875,0.2611737532028706,0.03212436251013934,0.09135024508065753,0.0,0.0,0.09104257950074324,0.0,0.0,0.0,0.0,0.0,0.0,0.0
2024-07-12,0.04344309892227819,0.08634565383722884,0.38014119881797126,0.0,0.12055291513916074,0.17460239849814327,0.0,0.09631700668276588,0.0,0.0,0.09859772810245179,0.0,0.0,0.0,0.0,0.0,0.0,0.0
2024-07-19,0.05301677112931276,0.10225209018094482,0.30458563685453344,0.0,0.0,0.2846403365532683,0.0,0.25550516528194067,0.0,0.0,0.0,0.0,0.0,0.0,0.0,0.0,0.0,0.0
2024-07-26,0.0,0.19999999999999996,0.4,0.0,0.0,0.4,0.0,0.0,0.0,0.0,0.0,0.0,0.0,0.0,0.0,0.0,0.0,0.0
2024-08-02,0.0,0.19999999999999993,0.4000000000000001,0.0,0.0,0.4000000000000001,0.0,0.0,0.0,0.0,0.0,0.0,0.0,0.0,0.0,0.0,0.0,0.0
2024-08-09,0.0,0.09562603960197515,0.2791269603923251,0.0,0.0,0.2653087233522748,0.0,0.0,0.0,0.0,0.0,0.0,0.0,0.359938276653425,0.0,0.0,0.0,0.0
2024-08-16,0.0,0.07461748694693549,0.2263796490931867,0.0,0.0,0.1848103260967372,0.0,0.0,0.0,0.0,0.0,0.0,0.0,0.32685719080508946,0.18733534705805113,0.0,0.0,0.0
2024-08-23,0.04505827636656291,0.14118489111034,0.2981603650403277,0.0,0.0,0.27434734666836935,0.05026475598520486,0.19098436482919523,0.0,0.0,0.0,0.0,0.0,0.0,0.0,0.0,0.0,0.0
2024-08-30,0.0,0.2542406169994915,0.30316342378925093,0.0,0.0,0.35930410946893626,0.08329184974232123,0.0,0.0,0.0,0.0,0.0,0.0,0.0,0.0,0.0,0.0,0.0
2024-09-06,0.0,0.16287792105640195,0.0,0.0,0.0,0.36064604267819367,0.05635421117261768,0.0,0.0,0.0,0.0,0.0,0.0,0.24536279578612083,0.0,0.0,0.1747590293066659,0.0
2024-09-13,0.044507780879388656,0.14676084369555187,0.2919531368418038,0.0,0.0,0.3055149594759949,0.055910278173486976,0.0,0.0,0.0,0.0,0.0,0.0,0.0,0.0,0.0,0.15535300093377385,0.0
2024-09-20,0.058370424096046834,0.2210200894684886,0.276189211336829,0.0,0.0,0.389437644494744,0.054982630603891705,0.0,0.0,0.0,0.0,0.0,0.0,0.0,0.0,0.0,0.0,0.0
2024-09-27,0.0,0.18336135199516357,0.27621925806068376,0.0,0.0,0.3111067916885396,0.0,0.2293125982556131,0.0,0.0,0.0,0.0,0.0,0.0,0.0,0.0,0.0,0.0
2024-10-04,0.0,0.18073725715453987,0.24538936377342066,0.0,0.0,0.3018589928511959,0.0,0.27201438622084356,0.0,0.0,0.0,0.0,0.0,0.0,0.0,0.0,0.0,0.0
2024-10-11,0.0,0.13566023256235835,0.2527674927472411,0.0,0.0,0.17558093187207,0.0,0.2512030049571413,0.0,0.0,0.0,0.0,0.0,0.0,0.0,0.0,0.18478833786118917,0.0
2024-10-18,0.0,0.09731162155032833,0.137581781081025,0.0,0.0,0.0834454000117678,0.0,0.17780676665096112,0.10970942255694822,0.0,0.0,0.0,0.07586174071944964,0.0,0.12431805324784545,0.11449254015753134,0.07947267402414322,0.0
2024-10-25,0.025641854250409567,0.0728662874723112,0.11145610220837543,0.0,0.0,0.05813811283222966,0.0,0.1940005630854939,0.12375573915813355,0.0,0.0,0.0,0.09724165651264884,0.0,0.05527160930228903,0.09821560253618779,0.0971621035633992,0.06625036907852191
2024-11-01,0.0,0.06315693430817239,0.09242349391466562,0.0,0.0,0.0,0.0,0.17598893657192435,0.168913875070233,0.0,0.05597940055084195,0.0,0.08612935420035706,0.0,0.12506217891342095,0.10575256722693915,0.06111162685326111,0.06548163239018422
2024-11-08,0.0,0.032154916631632474,0.08773285560029087,0.0,0.0,0.0,0.0,0.13749150874312724,0.15787440638176345,0.0,0.030478071244802774,0.10186801820036241,0.10668111023691144,0.0,0.09819106116847984,0.11563253177731124,0.08397556239283041,0.047919957622487706
2024-11-15,0.0,0.0844203641474759,0.0,0.0,0.0,0.0,0.0,0.40000000000000013,0.0,0.0,0.08687052160852402,0.0,0.0,0.0,0.13959382734526551,0.0,0.1321565144072653,0.15695877249146914
2024-11-22,0.0,0.07752432508575172,0.20254543203682754,0.0,0.0,0.12986471006905537,0.0,0.2896695611318828,0.0,0.0,0.0,0.0,0.0,0.0,0.0,0.0,0.18764824092904375,0.11274773074743868
2024-11-29,0.0,0.07836816309475476,0.2417550466948898,0.0,0.0,0.0,0.0,0.1740751108313834,0.21896324892357125,0.0,0.0,0.11061754391861778,0.17622088653678303,0.0,0.0,0.0,0.0,0.0
2024-12-06,0.0,0.052917116917983245,0.15655729515624758,0.06749493567943277,0.0,0.0,0.0,0.10074264190939897,0.14685296406506124,0.07762840468091353,0.0,0.102529603147218,0.08580032603831486,0.0,0.135282394303686,0.07419431810174386,0.0,0.0
2024-12-13,0.0,0.05593226013322883,0.12325633002231574,0.0,0.0,0.0,0.0,0.12033855431594107,0.15161889000285655,0.07161202251796314,0.0,0.0997645375548299,0.12494237068129774,0.0,0.13556500285851347,0.05465900740515205,0.06231102450790147,0.0
2024-12-20,0.020359227104776834,0.048477446652604395,0.09387197901128563,0.0471196914367427,0.0,0.042223676473874476,0.0,0.10055138426108706,0.1597749813381615,0.07034810330073873,0.0,0.10162617964225423,0.11504485495962041,0.0,0.09244883453449451,0.05118192503548328,0.05697171624887636,0.0
2024-12-27,0.025133981300650535,0.03159731523586273,0.0909929457897524,0.04866427245079264,0.0,0.08935996449216208,0.0,0.10667397887145785,0.2076102257594569,0.0,0.0,0.03202323543888159,0.11344378383167465,0.0,0.1050999938489244,0.04257549491189956,0.10682480806848439,0.0
2025-01-03,0.047471061224549485,0.04777841198220975,0.09898941092356885,0.0,0.0,0.076633727136412,0.0,0.21933330428928471,0.1773831109283284,0.0,0.0,0.0,0.1391031975582365,0.0,0.0,0.0,0.19330777595741028,0.0
2025-01-10,0.02947982310212607,0.03994223977453794,0.06767827274792004,0.0,0.0,0.08425199375542704,0.0,0.1779271784148161,0.15644809181061778,0.0,0.0,0.0,0.13398772328435093,0.0,0.0,0.14362412146779804,0.16666055564240598,0.0
2025-01-17,0.03648045253905324,0.05217862017037302,0.0,0.0,0.0,0.17467370933837045,0.0,0.16344968700440096,0.20284800351199256,0.0,0.08328431539185292,0.0,0.11425935371899455,0.0,0.0,0.0,0.17282585832496236,0.0
2025-01-24,0.0,0.042377427584482014,0.13153064488218583,0.1639899395380141,0.0,0.08918940490447277,0.0,0.13968841236231969,0.1639777282112666,0.0,0.0,0.0,0.09729548100802107,0.0,0.0,0.0,0.17195096150923814,0.0
2025-01-31,0.05101821044892793,0.0780806931792641,0.18607019812313877,0.0,0.0,0.23585640306404812,0.0,0.17966083720198806,0.0,0.0,0.10436356306622105,0.0,0.0,0.0,0.0,0.0,0.164950094916412,0.0
2025-02-07,0.0,0.1055813865725443,0.0,0.0,0.0,0.0,0.0,0.28495560715153034,0.2869967630217212,0.0,0.16315769175426498,0.0,0.0,0.0,0.0,0.0,0.1593085514999392,0.0
2025-02-14,0.05179553951349481,0.09957791436018262,0.21598741392406726,0.0,0.0,0.11881153982102202,0.0,0.20694981145993413,0.19451836838896097,0.0,0.11235941253233822,0.0,0.0,0.0,0.0,0.0,0.0,0.0
2025-02-21,0.0,0.06846104707718884,0.16494829481126955,0.0,0.0,0.0,0.0,0.21154466590282792,0.16915996888132936,0.21250324176770605,0.0,0.0,0.0,0.0,0.0,0.1733827815596783,0.0,0.0
2025-02-28,0.0,0.20156054514358104,0.2470558948053842,0.0,0.0,0.0,0.0,0.27857904856398535,0.0,0.0,0.0,0.0,0.0,0.0,0.0,0.2728045114870494,0.0,0.0
2025-03-07,0.0,0.2,0.0,0.0,0.0,0.0,0.0,0.4,0.0,0.0,0.0,0.0,0.0,0.0,0.0,0.0,0.4,0.0
2025-03-14,0.0,0.22283616673912152,0.0,0.37716383326087843,0.0,0.0,0.0,0.0,0.0,0.0,0.0,0.0,0.0,0.0,0.0,0.0,0.4,0.0
2025-03-21,0.0,0.10458733839186803,0.2910582539147377,0.0,0.0,0.2124391734323201,0.0,0.0,0.0,0.0,0.17448547805080628,0.0,0.0,0.0,0.0,0.0,0.2174297562102679,0.0
2025-03-28,0.041944439564386794,0.0628063323802995,0.1679796475804644,0.09621607530981546,0.0,0.2202988961794472,0.0,0.0,0.0,0.12948316831849607,0.1582850768916172,0.0,0.0,0.0,0.0,0.0,0.12298636377547334,0.0
2025-04-04,0.06910522549300013,0.06251908075052491,0.0,0.15949868049684265,0.0,0.25717392729854827,0.0,0.0,0.0,0.1781101515256844,0.15895451937409794,0.0,0.0,0.0,0.0,0.0,0.11463841506130168,0.0
2025-04-11,0.08116881596262747,0.06935559985766719,0.0,0.0,0.0,0.2907088938425098,0.0,0.0,0.0,0.1511618117300394,0.19121683703149864,0.0,0.0,0.0,0.06921257919860443,0.0,0.1471754623770531,0.0
2025-04-18,0.06859378053494643,0.057078776597753,0.0,0.07269748355926646,0.0,0.24728874651245775,0.0,0.0,0.0,0.12926751800624137,0.1970711017341654,0.0,0.0,0.0,0.10665254281082598,0.0,0.12135005024434374,0.0
2025-04-25,0.06501809560787356,0.05997981674029923,0.0,0.0,0.0,0.25119914543880983,0.0,0.0,0.0,0.144703490918509,0.22043703865719586,0.0,0.0,0.0,0.10656165065393258,0.0,0.15210076198337993,0.0
2025-05-02,0.0587001390792213,0.06345379365835453,0.0,0.0,0.0,0.2567957705751555,0.0,0.0,0.0,0.14599584822179018,0.22710197478718266,0.0,0.0,0.0,0.10336068697337791,0.0,0.1445917867049179,0.0
2025-05-09,0.07939558290199182,0.06344420765518244,0.0,0.0,0.0,0.34941418291490733,0.0,0.0,0.0,0.1809127016714258,0.23245933439209876,0.0,0.0,0.0,0.0,0.0,0.09437399046439388,0.0
2025-05-16,0.08775349440598404,0.05883512023334022,0.0,0.0,0.0,0.26011423112661064,0.0,0.0,0.0,0.16160486640821237,0.26768974757659003,0.0,0.0,0.0,0.0,0.0,0.16400254024926275,0.0
2025-05-23,0.07729327900362448,0.04759823479817103,0.0,0.0,0.0,0.24959573679235078,0.0,0.0,0.0,0.19132163920477196,0.27318669891782654,0.0,0.0,0.0,0.0,0.0,0.1610044112832551,0.0
2025-05-30,0.11553586313109765,0.05207359564632457,0.0,0.0,0.0,0.3237833642879183,0.0,0.0,0.0,0.12405211922558493,0.23008690658224837,0.0,0.0,0.0,0.0,0.0,0.15446815112682621,0.0
2025-06-06,0.10568233776105933,0.09768510243667389,0.0,0.0,0.0,0.35842179799033635,0.0,0.0,0.0,0.1499164450391929,0.18219278339223405,0.0,0.0,0.0,0.0,0.0,0.10610153338050345,0.0
2025-06-13,0.06779966681943075,0.17684613387167555,0.0,0.0,0.0,0.34369448382578055,0.0,0.0,0.0,0.1753063958409226,0.23635331964219053,0.0,0.0,0.0,0.0,0.0,0.0,0.0
2025-06-20,0.062191099925898906,0.14782618209081289,0.228972118001255,0.0,0.0,0.36628126584264836,0.0,0.061993430400445734,0.0,0.0,0.13273590373893915,0.0,0.0,0.0,0.0,0.0,0.0,0.0
2025-06-27,0.11775323780497625,0.2300378372549799,0.0,0.0,0.0,0.4,0.0,0.0,0.0,0.0,0.2522089249400438,0.0,0.0,0.0,0.0,0.0,0.0,0.0
2025-07-04,0.06706326161411559,0.15088798219751604,0.0,0.0,0.0,0.3784569714195979,0.0,0.0,0.0,0.2388337900368586,0.1647579947319119,0.0,0.0,0.0,0.0,0.0,0.0,0.0
2025-07-11,0.07648726254993982,0.11287218894112318,0.0,0.0,0.0,0.2987652493525344,0.0,0.1785576341986641,0.0,0.21601617400163856,0.11730149095610003,0.0,0.0,0.0,0.0,0.0,0.0,0.0
2025-07-18,0.05397636060502124,0.07553544704195453,0.0,0.0,0.23112999080944494,0.21499152822612558,0.0,0.08090113553358338,0.0,0.21822902840228478,0.12523650938158556,0.0,0.0,0.0,0.0,0.0,0.0,0.0
2025-07-25,0.04723330503599792,0.08199102416546751,0.0,0.0,0.24692793350127937,0.20081481566151035,0.0,0.155271406384324,0.0,0.13290054129970688,0.1348609739517139,0.0,0.0,0.0,0.0,0.0,0.0,0.0
2025-08-01,0.07042812743695918,0.07622922480236044,0.0,0.0,0.19721167350069552,0.24117159896804052,0.0,0.06924672295323062,0.0,0.1389565939314834,0.2067560584072303,0.0,0.0,0.0,0.0,0.0,0.0,0.0
2025-08-08,0.10624245045446906,0.08296805734895754,0.0,0.0,0.32256151482712364,0.2448625519392732,0.0,0.0,0.0,0.0,0.24336542543017659,0.0,0.0,0.0,0.0,0.0,0.0,0.0
2025-08-15,0.10184929179666574,0.11086520976727185,0.0,0.0,0.34358872248145816,0.22193593428369635,0.0,0.0,0.0,0.0,0.22176084167090787,0.0,0.0,0.0,0.0,0.0,0.0,0.0
2025-08-22,0.0643377077761937,0.04755920919411325,0.0,0.0,0.2895963898031613,0.35035988834949766,0.0,0.0,0.0,0.0,0.24814680487703403,0.0,0.0,0.0,0.0,0.0,0.0,0.0
2025-08-29,0.06360184881100958,0.11042681685160394,0.0,0.0,0.19942091551352165,0.35626182698227593,0.0,0.0,0.0,0.0,0.2702885918415888,0.0,0.0,0.0,0.0,0.0,0.0,0.0
2025-09-05,0.0,0.19999999999999996,0.0,0.0,0.0,0.4,0.0,0.0,0.0,0.0,0.4,0.0,0.0,0.0,0.0,0.0,0.0,0.0
2025-09-12,0.11265097289495413,0.1402527088743939,0.0,0.0,0.0,0.4,0.0,0.0,0.0,0.0,0.347096318230652,0.0,0.0,0.0,0.0,0.0,0.0,0.0
2025-09-19,0.11531794738969461,0.16075994272953364,0.0,0.0,0.0,0.4,0.0,0.0,0.0,0.0,0.32392210988077186,0.0,0.0,0.0,0.0,0.0,0.0,0.0
2025-09-26,0.06374115585503254,0.07260247061006118,0.0,0.0,0.0,0.2349971102809444,0.0,0.0,0.0,0.0,0.26078513566066486,0.0,0.0,0.0,0.13479098379038928,0.0,0.23308314380290782,0.0
